spam	Your Microsoft subscription auto-renews at $100/mo. Cancel here: https://tinyurl.com/test
spam	Your Shopify free trial ends in 1 hours. Upgrade now to keep premium features.
spam	URGENT: Your Target password was changed. If this was not you, secure your account now.
spam	Subject: Final notice - your Instagram invoice #6930 is overdue by 7 days
spam	Shopify noticed you left items in your cart. Complete your purchase for 20% off.
spam	Your Amazon parcel is held at customs. Pay $5000 processing fee to release.
spam	Claim your Tesla bonus: $50 added to your wallet. Withdraw before 2026-04-03.
spam	Dear Anna, your Dropbox order #2790 has a problem. Click to update shipping info.
spam	Dear customer, your Instagram account has been compromised. Verify at https://bit.ly/abc
spam	Dear customer, your Google account has been compromised. Verify at https://claim.now/123
spam	Your Facebook subscription will expire today. Renew now at https://claim.now/123 or lose access.
spam	Your Shopify subscription will expire today. Renew now at https://bit.ly/abc or lose access.
spam	Your Amazon account was used to purchase $2500. If not you, call +1-800-522-1406 immediately.
spam	You have a pending refund of $5000 from Spotify. Confirm your bank details at https://claim.now/123.
spam	Your Amazon free trial ends in 6 hours. Upgrade now to keep premium features.
spam	ALERT: Your GitHub card ending in 8043 was charged $1000. Dispute within 48h.
spam	ALERT: Your Uber card ending in 7790 was charged $5000. Dispute within 2h.
spam	Your Instagram subscription will expire today. Renew now at https://bit.ly/abc or lose access.
spam	Your Shopify subscription auto-renews at $2500/mo. Cancel here: https://claim.now/123
spam	Your Tesla payment of $5000 failed. Update your payment method to avoid service interruption.
spam	Congratulations! You have won a free subscription from Instagram. Click https://t.co/xyz to claim.
spam	Winner notification: Your email was selected for a $500 PayPal grant. Reply to confirm.
spam	Subject: Your Dropbox KYC verification is pending. Complete within 48 hours.
spam	Congratulations! You have won a $1000 prize from Shopify. Click https://t.co/xyz to claim.
spam	Dear user, your FedEx storage is 73% full. Upgrade to avoid data loss.
spam	Your FedEx delivery address needs confirmation. Verify at https://tinyurl.com/test or item returns to sender.
spam	Your GitHub account has been limited. Please verify your identity to restore full access.
spam	Winner notification: Your email was selected for a $2500 Spotify grant. Reply to confirm.
spam	Your Airbnb account was used to purchase $5000. If not you, call +1-800-193-4750 immediately.
spam	ALERT: Your Slack card ending in 6403 was charged $5000. Dispute within 6h.
spam	Congratulations! You have won a MacBook Pro from eBay. Click https://tinyurl.com/test to claim.
spam	Congratulations! You have won a free subscription from Airbnb. Click https://claim.now/123 to claim.
spam	Special offer: Get 30% off your next Spotify purchase. Use code CLAIM at checkout.
spam	USPS noticed you left items in your cart. Complete your purchase for 10% off.
spam	Dear Sarah, your Spotify order #8056 has a problem. Click to update shipping info.
spam	Your Samsung parcel is held at customs. Pay $100 processing fee to release.
spam	Subject: Your Stripe KYC verification is pending. Complete within 12 hours.
spam	Your Spotify free trial ends in 24 hours. Upgrade now to keep premium features.
spam	ALERT: Your Spotify card ending in 1742 was charged $5000. Dispute within 6h.
spam	Your Best Buy payment of $1000 failed. Update your payment method to avoid service interruption.
spam	Your Instagram subscription auto-renews at $50/mo. Cancel here: https://bit.ly/abc
spam	Subject: Netflix account alert - action required within 12 hours
spam	Your Twitter parcel is held at customs. Pay $50 processing fee to release.
spam	Your Microsoft delivery address needs confirmation. Verify at https://claim.now/123 or item returns to sender.
spam	Subject: Your DHL KYC verification is pending. Complete within 2 hours.
spam	Subject: Your Facebook KYC verification is pending. Complete within 48 hours.
spam	Dear valued customer, we detected suspicious activity on your Shopify account.
spam	Your Twitter account was used to purchase $50. If not you, call +1-800-510-9584 immediately.
spam	Congratulations! You have won a MacBook Pro from Target. Click https://tinyurl.com/test to claim.
spam	Your eBay subscription auto-renews at $50/mo. Cancel here: https://claim.now/123
spam	Your LinkedIn free trial ends in 1 hours. Upgrade now to keep premium features.
spam	Special offer: Get 75% off your next Shopify purchase. Use code XYZ789 at checkout.
spam	We found 100 unclaimed rewards in your FedEx account. Claim before 2026-03-06.
spam	We found 1000 unclaimed rewards in your Spotify account. Claim before 2026-05-02.
spam	PayPal noticed you left items in your cart. Complete your purchase for 20% off.
spam	Congratulations! You have won a MacBook Pro from Amazon. Click https://t.co/xyz to claim.
spam	Dear James, your USPS order #1713 has a problem. Click to update shipping info.
spam	Security alert: Unusual sign-in to your UPS account from Brazil. Was this you?
spam	Security alert: Unusual sign-in to your Costco account from China. Was this you?
spam	Security alert: Unusual sign-in to your Best Buy account from Unknown Location. Was this you?
spam	Subject: Your PayPal KYC verification is pending. Complete within 48 hours.
spam	ALERT: Your Walmart card ending in 2077 was charged $250. Dispute within 48h.
spam	Your eBay subscription will expire today. Renew now at https://claim.now/123 or lose access.
spam	Your Stripe subscription auto-renews at $1000/mo. Cancel here: https://bit.ly/abc
spam	Your Airbnb parcel is held at customs. Pay $500 processing fee to release.
spam	Dear Sarah, your PayPal order #9171 has a problem. Click to update shipping info.
spam	Winner notification: Your email was selected for a $1000 Tesla grant. Reply to confirm.
spam	URGENT: Your Target password was changed. If this was not you, secure your account now.
spam	UPS noticed you left items in your cart. Complete your purchase for 50% off.
spam	Your Costco free trial ends in 12 hours. Upgrade now to keep premium features.
spam	Dear David, your Stripe order #3399 has a problem. Click to update shipping info.
spam	Your Microsoft subscription will expire today. Renew now at https://t.co/xyz or lose access.
spam	You have a pending refund of $5000 from Costco. Confirm your bank details at https://bit.ly/abc.
spam	Subject: Spotify account alert - action required within 2 hours
spam	Your Walmart subscription auto-renews at $2500/mo. Cancel here: https://bit.ly/abc
spam	ALERT: Your Zoom card ending in 2489 was charged $1000. Dispute within 24h.
spam	Dear valued customer, we detected suspicious activity on your Best Buy account.
spam	Your Apple payment of $2500 failed. Update your payment method to avoid service interruption.
spam	Winner notification: Your email was selected for a $100 Zoom grant. Reply to confirm.
spam	Your Facebook subscription will expire today. Renew now at https://t.co/xyz or lose access.
spam	Claim your Samsung bonus: $500 added to your wallet. Withdraw before 2026-12-27.
spam	Subject: Final notice - your GitHub invoice #8639 is overdue by 3 days
spam	Your Costco free trial ends in 1 hours. Upgrade now to keep premium features.
spam	Your Netflix parcel is held at customs. Pay $1000 processing fee to release.
spam	Your Shopify delivery address needs confirmation. Verify at https://tinyurl.com/test or item returns to sender.
spam	Dear customer, your Instagram account has been compromised. Verify at https://t.co/xyz
spam	Subject: Your Airbnb KYC verification is pending. Complete within 6 hours.
spam	Congratulations! You have won a $500 gift card from Zoom. Click https://tinyurl.com/test to claim.
spam	URGENT: Your Amazon password was changed. If this was not you, secure your account now.
spam	Your Dropbox parcel is held at customs. Pay $250 processing fee to release.
spam	Your Twitter delivery address needs confirmation. Verify at https://t.co/xyz or item returns to sender.
spam	Congratulations! You have won a $1000 prize from Best Buy. Click https://claim.now/123 to claim.
spam	Your DHL delivery address needs confirmation. Verify at https://t.co/xyz or item returns to sender.
spam	Your Apple free trial ends in 1 hours. Upgrade now to keep premium features.
spam	Subject: Twitter account alert - action required within 1 hours
spam	Winner notification: Your email was selected for a $250 USPS grant. Reply to confirm.
spam	Security alert: Unusual sign-in to your Amazon account from Brazil. Was this you?
spam	Subject: Your Microsoft KYC verification is pending. Complete within 48 hours.
spam	Dear customer, your USPS account has been compromised. Verify at https://tinyurl.com/test
spam	Your Costco subscription auto-renews at $50/mo. Cancel here: https://claim.now/123
spam	Subject: Your GitHub KYC verification is pending. Complete within 1 hours.
spam	Your Twitter delivery address needs confirmation. Verify at https://claim.now/123 or item returns to sender.
spam	Special offer: Get 30% off your next PayPal purchase. Use code ABC123 at checkout.
spam	Dear Maria, your UPS order #9108 has a problem. Click to update shipping info.
spam	Security alert: Unusual sign-in to your UPS account from Russia. Was this you?
spam	Your eBay account was used to purchase $250. If not you, call +1-800-480-3079 immediately.
spam	Your Zoom delivery address needs confirmation. Verify at https://bit.ly/abc or item returns to sender.
spam	Subject: Google account alert - action required within 6 hours
spam	We found 50 unclaimed rewards in your GitHub account. Claim before 2026-04-24.
spam	Your Amazon free trial ends in 24 hours. Upgrade now to keep premium features.
spam	Dear David, your Stripe order #3693 has a problem. Click to update shipping info.
spam	Congratulations! You have won a iPhone 15 from Netflix. Click https://bit.ly/abc to claim.
spam	Your Walmart payment of $5000 failed. Update your payment method to avoid service interruption.
spam	Winner notification: Your email was selected for a $2500 LinkedIn grant. Reply to confirm.
spam	Your Netflix account has been limited. Please verify your identity to restore full access.
spam	Subject: Your Amazon KYC verification is pending. Complete within 12 hours.
spam	We found 50 unclaimed rewards in your Microsoft account. Claim before 2026-03-23.
spam	Your Amazon delivery address needs confirmation. Verify at https://claim.now/123 or item returns to sender.
spam	Your Amazon delivery address needs confirmation. Verify at https://claim.now/123 or item returns to sender.
spam	Your Apple delivery address needs confirmation. Verify at https://bit.ly/abc or item returns to sender.
spam	Your Google subscription will expire today. Renew now at https://bit.ly/abc or lose access.
spam	Your Best Buy account has been limited. Please verify your identity to restore full access.
spam	Subject: Your Facebook KYC verification is pending. Complete within 2 hours.
spam	Dear valued customer, we detected suspicious activity on your Microsoft account.
spam	Your Tesla account has been limited. Please verify your identity to restore full access.
spam	Your PayPal payment of $100 failed. Update your payment method to avoid service interruption.
spam	Security alert: Unusual sign-in to your Netflix account from Russia. Was this you?
spam	Security alert: Unusual sign-in to your Best Buy account from Nigeria. Was this you?
spam	ALERT: Your eBay card ending in 9311 was charged $2500. Dispute within 6h.
spam	Your Shopify delivery address needs confirmation. Verify at https://t.co/xyz or item returns to sender.
spam	Dear customer, your GitHub account has been compromised. Verify at https://t.co/xyz
spam	Your Target parcel is held at customs. Pay $1000 processing fee to release.
spam	Winner notification: Your email was selected for a $2500 DHL grant. Reply to confirm.
spam	Your Slack subscription auto-renews at $2500/mo. Cancel here: https://bit.ly/abc
spam	URGENT: Your FedEx password was changed. If this was not you, secure your account now.
spam	Claim your Stripe bonus: $50 added to your wallet. Withdraw before 2026-06-12.
spam	Your Twitter payment of $2500 failed. Update your payment method to avoid service interruption.
spam	Subject: Twitter account alert - action required within 24 hours
spam	Dear James, your UPS order #1291 has a problem. Click to update shipping info.
spam	Your Facebook subscription auto-renews at $250/mo. Cancel here: https://tinyurl.com/test
spam	URGENT: Your Shopify password was changed. If this was not you, secure your account now.
spam	URGENT: Your Target password was changed. If this was not you, secure your account now.
spam	Dear user, your Instagram storage is 94% full. Upgrade to avoid data loss.
spam	Dear user, your Dropbox storage is 87% full. Upgrade to avoid data loss.
spam	Dear Emma, your Samsung order #8020 has a problem. Click to update shipping info.
spam	Winner notification: Your email was selected for a $500 Google grant. Reply to confirm.
spam	URGENT: Your Facebook password was changed. If this was not you, secure your account now.
spam	Your Amazon account was used to purchase $2500. If not you, call +1-800-745-7626 immediately.
spam	Dear valued customer, we detected suspicious activity on your eBay account.
spam	Your Stripe account was used to purchase $2500. If not you, call +1-800-731-5140 immediately.
spam	Subject: Final notice - your Microsoft invoice #3100 is overdue by 14 days
spam	Dear user, your USPS storage is 90% full. Upgrade to avoid data loss.
spam	Your Tesla delivery address needs confirmation. Verify at https://bit.ly/abc or item returns to sender.
spam	Subject: Facebook account alert - action required within 2 hours
spam	URGENT: Your Twitter password was changed. If this was not you, secure your account now.
spam	Instagram noticed you left items in your cart. Complete your purchase for 75% off.
spam	Dear customer, your Tesla account has been compromised. Verify at https://t.co/xyz
spam	Claim your LinkedIn bonus: $100 added to your wallet. Withdraw before 2026-10-20.
spam	Costco noticed you left items in your cart. Complete your purchase for 10% off.
spam	Your Uber subscription auto-renews at $250/mo. Cancel here: https://claim.now/123
spam	Your Airbnb delivery address needs confirmation. Verify at https://t.co/xyz or item returns to sender.
spam	We found 500 unclaimed rewards in your Slack account. Claim before 2026-11-01.
spam	Congratulations! You have won a iPhone 15 from UPS. Click https://tinyurl.com/test to claim.
spam	We found 2500 unclaimed rewards in your Airbnb account. Claim before 2026-09-18.
spam	Security alert: Unusual sign-in to your Uber account from Russia. Was this you?
spam	Your Tesla parcel is held at customs. Pay $500 processing fee to release.
spam	Your USPS payment of $250 failed. Update your payment method to avoid service interruption.
spam	URGENT: Your Spotify password was changed. If this was not you, secure your account now.
spam	Claim your Spotify bonus: $250 added to your wallet. Withdraw before 2026-03-25.
spam	You have a pending refund of $2500 from Instagram. Confirm your bank details at https://claim.now/123.
spam	ALERT: Your Shopify card ending in 5655 was charged $100. Dispute within 1h.
spam	Your GitHub free trial ends in 6 hours. Upgrade now to keep premium features.
spam	Slack noticed you left items in your cart. Complete your purchase for 25% off.
spam	Zoom noticed you left items in your cart. Complete your purchase for 20% off.
spam	Your Twitter subscription will expire today. Renew now at https://bit.ly/abc or lose access.
spam	URGENT: Your Zoom password was changed. If this was not you, secure your account now.
spam	Your Amazon free trial ends in 12 hours. Upgrade now to keep premium features.
spam	Your UPS free trial ends in 1 hours. Upgrade now to keep premium features.
spam	Your UPS account has been limited. Please verify your identity to restore full access.
spam	Dear customer, your Slack account has been compromised. Verify at https://t.co/xyz
spam	Security alert: Unusual sign-in to your Dropbox account from Unknown Location. Was this you?
spam	You have a pending refund of $2500 from UPS. Confirm your bank details at https://tinyurl.com/test.
spam	PayPal noticed you left items in your cart. Complete your purchase for 50% off.
spam	Your Apple delivery address needs confirmation. Verify at https://claim.now/123 or item returns to sender.
spam	Subject: Your PayPal KYC verification is pending. Complete within 48 hours.
spam	Your UPS parcel is held at customs. Pay $500 processing fee to release.
spam	Winner notification: Your email was selected for a $500 Slack grant. Reply to confirm.
spam	Your FedEx account was used to purchase $2500. If not you, call +1-800-336-7237 immediately.
spam	Twitter noticed you left items in your cart. Complete your purchase for 75% off.
spam	Dear customer, your Instagram account has been compromised. Verify at https://claim.now/123
spam	Your Costco subscription will expire today. Renew now at https://t.co/xyz or lose access.
spam	Dear John, your Facebook order #4166 has a problem. Click to update shipping info.
spam	Dear user, your eBay storage is 93% full. Upgrade to avoid data loss.
spam	Claim your Target bonus: $500 added to your wallet. Withdraw before 2026-10-23.
spam	Your eBay account has been limited. Please verify your identity to restore full access.
spam	URGENT: Your Tesla password was changed. If this was not you, secure your account now.
spam	Your Google subscription will expire today. Renew now at https://bit.ly/abc or lose access.
spam	Your Slack payment of $5000 failed. Update your payment method to avoid service interruption.
spam	Your LinkedIn subscription will expire today. Renew now at https://claim.now/123 or lose access.
spam	Dear user, your Stripe storage is 74% full. Upgrade to avoid data loss.
spam	I am David from DHL. We have a refund of $1000 for you. Send your bank details.
spam	Group invite: Join 'Tech News' (4195 members). https://tinyurl.com/test
spam	Your WhatsApp will be charged $500/month starting 2026-01-19. Click to opt out: https://claim.now/123
spam	Someone shared your photo in a group. View it here: https://tinyurl.com/test
spam	BREAKING: Target is giving away $500 gift cards to celebrate anniversary. Claim: https://bit.ly/abc
spam	Don't open this link https://t.co/xyz it hacked my friend's phone. Warning to all contacts!
spam	Your WhatsApp verification code is XYZ789. Do not share this code with anyone.
spam	I just earned $1000 from this simple online task. Join me: https://bit.ly/abc
spam	BREAKING: USPS is giving away $5000 gift cards to celebrate holiday season. Claim: https://claim.now/123
spam	Hi! I made $100 yesterday working from home. Want to know how? Message me!
spam	Your WhatsApp verification code is CLAIM. Do not share this code with anyone.
spam	Your WhatsApp will be charged $1000/month starting 2026-03-02. Click to opt out: https://tinyurl.com/test
spam	Congratulations! You are the 2827th visitor. Win $250: https://bit.ly/abc
spam	I am Emma from Google. We have a refund of $100 for you. Send your bank details.
spam	Hi! I made $250 yesterday working from home. Want to know how? Message me!
spam	Forward this to 10 contacts and you will receive $500 gift card. It really works! I got mine!
spam	Don't open this link https://tinyurl.com/test it hacked my friend's phone. Warning to all contacts!
spam	BREAKING: PayPal is giving away $100 gift cards to celebrate Christmas. Claim: https://claim.now/123
spam	Group invite: Join 'Tech News' (502 members). https://bit.ly/abc
spam	Don't open this link https://claim.now/123 it hacked my friend's phone. Warning to all contacts!
spam	I just earned $50 from this simple online task. Join me: https://t.co/xyz
spam	Congratulations! You are the 6496th visitor. Win $5000: https://tinyurl.com/test
spam	Congratulations! You are the 8798th visitor. Win $5000: https://claim.now/123
spam	This message has been forwarded 45 times. Send to 15 contacts to unlock feature.
spam	Someone shared your photo in a group. View it here: https://claim.now/123
spam	BREAKING: FedEx is giving away $50 gift cards to celebrate anniversary. Claim: https://claim.now/123
spam	Your WhatsApp will be charged $5000/month starting 2026-05-01. Click to opt out: https://t.co/xyz
spam	Forward this to 10 contacts and you will receive $500 gift card. It really works! I got mine!
spam	Congratulations! You are the 9887th visitor. Win $5000: https://t.co/xyz
spam	Maria tagged you in a comment. See it here: https://bit.ly/abc
spam	Group invite: Join 'Crypto Winners' (706 members). https://bit.ly/abc
spam	Don't open this link https://tinyurl.com/test it hacked my friend's phone. Warning to all contacts!
spam	Your WhatsApp will be charged $5000/month starting 2026-03-08. Click to opt out: https://tinyurl.com/test
spam	Your account will be deleted in 24 hours. Forward this message to verify. WhatsApp Official.
spam	Hey, is this you in this video? https://t.co/xyz
spam	Group invite: Join 'Daily Deals' (2573 members). https://bit.ly/abc
spam	Your WhatsApp will be charged $50/month starting 2026-05-18. Click to opt out: https://tinyurl.com/test
spam	Someone shared your photo in a group. View it here: https://bit.ly/abc
spam	I just earned $250 from this simple online task. Join me: https://t.co/xyz
spam	Forward this to 10 contacts and you will receive iPhone 15. It really works! I got mine!
spam	I just earned $2500 from this simple online task. Join me: https://bit.ly/abc
spam	BREAKING: Stripe is giving away $5000 gift cards to celebrate New Year. Claim: https://bit.ly/abc
spam	Hey, is this you in this video? https://t.co/xyz
spam	Hey, is this you in this video? https://bit.ly/abc
spam	BREAKING: PayPal is giving away $2500 gift cards to celebrate Christmas. Claim: https://claim.now/123
spam	Someone shared your photo in a group. View it here: https://bit.ly/abc
spam	Someone shared your photo in a group. View it here: https://bit.ly/abc
spam	This message has been forwarded 42 times. Send to 15 contacts to unlock feature.
spam	Your account will be deleted in 24 hours. Forward this message to verify. WhatsApp Official.
spam	BREAKING: Twitter is giving away $500 gift cards to celebrate holiday season. Claim: https://tinyurl.com/test
spam	Group invite: Join 'Tech News' (2108 members). https://tinyurl.com/test
spam	Congratulations! You are the 5373th visitor. Win $1000: https://bit.ly/abc
spam	Group invite: Join 'Work from Home' (395 members). https://claim.now/123
spam	Your WhatsApp will be charged $1000/month starting 2026-07-07. Click to opt out: https://bit.ly/abc
spam	Sarah tagged you in a comment. See it here: https://tinyurl.com/test
spam	BREAKING: Samsung is giving away $100 gift cards to celebrate Black Friday. Claim: https://tinyurl.com/test
spam	Your account will be deleted in 48 hours. Forward this message to verify. WhatsApp Official.
spam	James tagged you in a comment. See it here: https://claim.now/123
spam	I am Anna from Facebook. We have a refund of $100 for you. Send your bank details.
spam	BREAKING: Amazon is giving away $5000 gift cards to celebrate anniversary. Claim: https://t.co/xyz
spam	I just earned $1000 from this simple online task. Join me: https://bit.ly/abc
spam	Don't open this link https://claim.now/123 it hacked my friend's phone. Warning to all contacts!
spam	Your WhatsApp will be charged $5000/month starting 2026-08-22. Click to opt out: https://t.co/xyz
spam	Group invite: Join 'Work from Home' (1781 members). https://claim.now/123
spam	I am Mike from Uber. We have a refund of $5000 for you. Send your bank details.
spam	This message has been forwarded 34 times. Send to 15 contacts to unlock feature.
spam	Don't open this link https://bit.ly/abc it hacked my friend's phone. Warning to all contacts!
spam	Mike tagged you in a comment. See it here: https://t.co/xyz
spam	Forward this to 10 contacts and you will receive $1000 prize. It really works! I got mine!
spam	Forward this to 10 contacts and you will receive $1000 prize. It really works! I got mine!
spam	This message has been forwarded 48 times. Send to 15 contacts to unlock feature.
spam	This message has been forwarded 18 times. Send to 15 contacts to unlock feature.
spam	Hi! I made $250 yesterday working from home. Want to know how? Message me!
spam	Hey, is this you in this video? https://claim.now/123
spam	I just earned $500 from this simple online task. Join me: https://claim.now/123
spam	Hey, is this you in this video? https://tinyurl.com/test
spam	Hi! I made $5000 yesterday working from home. Want to know how? Message me!
spam	I am Lisa from LinkedIn. We have a refund of $250 for you. Send your bank details.
spam	Your account will be deleted in 24 hours. Forward this message to verify. WhatsApp Official.
spam	This message has been forwarded 36 times. Send to 15 contacts to unlock feature.
spam	I am James from Google. We have a refund of $1000 for you. Send your bank details.
spam	Hey, is this you in this video? https://t.co/xyz
spam	This message has been forwarded 11 times. Send to 15 contacts to unlock feature.
spam	Hey, is this you in this video? https://claim.now/123
spam	Your WhatsApp will be charged $250/month starting 2026-01-01. Click to opt out: https://t.co/xyz
spam	Lisa tagged you in a comment. See it here: https://tinyurl.com/test
spam	This message has been forwarded 10 times. Send to 15 contacts to unlock feature.
spam	Don't open this link https://bit.ly/abc it hacked my friend's phone. Warning to all contacts!
spam	I just earned $50 from this simple online task. Join me: https://t.co/xyz
spam	Group invite: Join 'Daily Deals' (720 members). https://bit.ly/abc
spam	Congratulations! You are the 8184th visitor. Win $5000: https://tinyurl.com/test
spam	Forward this to 10 contacts and you will receive MacBook Pro. It really works! I got mine!
spam	BREAKING: Amazon is giving away $1000 gift cards to celebrate Christmas. Claim: https://bit.ly/abc
spam	Someone shared your photo in a group. View it here: https://tinyurl.com/test
spam	I just earned $500 from this simple online task. Join me: https://bit.ly/abc
spam	Your WhatsApp will be charged $100/month starting 2026-07-21. Click to opt out: https://t.co/xyz
spam	Don't open this link https://bit.ly/abc it hacked my friend's phone. Warning to all contacts!
spam	Congratulations! You are the 5396th visitor. Win $100: https://bit.ly/abc
spam	Your WhatsApp verification code is CLAIM. Do not share this code with anyone.
spam	Group invite: Join 'Crypto Winners' (3001 members). https://bit.ly/abc
spam	Don't open this link https://tinyurl.com/test it hacked my friend's phone. Warning to all contacts!
spam	Your WhatsApp will be charged $250/month starting 2026-05-11. Click to opt out: https://bit.ly/abc
spam	Your WhatsApp verification code is WINNER. Do not share this code with anyone.
spam	BREAKING: Best Buy is giving away $1000 gift cards to celebrate anniversary. Claim: https://tinyurl.com/test
spam	Someone shared your photo in a group. View it here: https://t.co/xyz
spam	Hey, is this you in this video? https://claim.now/123
spam	Your WhatsApp verification code is FREE2024. Do not share this code with anyone.
spam	Hey, is this you in this video? https://bit.ly/abc
spam	Don't open this link https://t.co/xyz it hacked my friend's phone. Warning to all contacts!
spam	Mike tagged you in a comment. See it here: https://bit.ly/abc
spam	Your account will be deleted in 1 hours. Forward this message to verify. WhatsApp Official.
spam	Your WhatsApp will be charged $2500/month starting 2026-04-07. Click to opt out: https://t.co/xyz
spam	BREAKING: Uber is giving away $100 gift cards to celebrate holiday season. Claim: https://t.co/xyz
spam	Your WhatsApp verification code is WINNER. Do not share this code with anyone.
spam	Forward this to 10 contacts and you will receive free subscription. It really works! I got mine!
spam	Your WhatsApp will be charged $2500/month starting 2026-11-23. Click to opt out: https://tinyurl.com/test
spam	Hi! I made $2500 yesterday working from home. Want to know how? Message me!
spam	Your WhatsApp will be charged $500/month starting 2026-02-13. Click to opt out: https://bit.ly/abc
spam	Congratulations! You are the 6620th visitor. Win $50: https://bit.ly/abc
spam	Forward this to 10 contacts and you will receive MacBook Pro. It really works! I got mine!
spam	Hey, is this you in this video? https://bit.ly/abc
spam	Your account will be deleted in 48 hours. Forward this message to verify. WhatsApp Official.
spam	I am James from eBay. We have a refund of $250 for you. Send your bank details.
spam	This message has been forwarded 49 times. Send to 15 contacts to unlock feature.
spam	Your WhatsApp verification code is CLAIM. Do not share this code with anyone.
spam	Your WhatsApp verification code is XYZ789. Do not share this code with anyone.
spam	Sarah tagged you in a comment. See it here: https://bit.ly/abc
spam	Your WhatsApp verification code is CLAIM. Do not share this code with anyone.
spam	Hi! I made $100 yesterday working from home. Want to know how? Message me!
spam	This message has been forwarded 48 times. Send to 15 contacts to unlock feature.
spam	I am Emma from PayPal. We have a refund of $500 for you. Send your bank details.
spam	Hey, is this you in this video? https://claim.now/123
spam	I just earned $50 from this simple online task. Join me: https://tinyurl.com/test
spam	BREAKING: Netflix is giving away $50 gift cards to celebrate Black Friday. Claim: https://bit.ly/abc
spam	Don't open this link https://bit.ly/abc it hacked my friend's phone. Warning to all contacts!
spam	Don't open this link https://claim.now/123 it hacked my friend's phone. Warning to all contacts!
spam	Your WhatsApp will be charged $250/month starting 2026-12-07. Click to opt out: https://tinyurl.com/test
spam	BREAKING: Costco is giving away $5000 gift cards to celebrate anniversary. Claim: https://claim.now/123
spam	Congratulations! You are the 3968th visitor. Win $2500: https://t.co/xyz
spam	This message has been forwarded 24 times. Send to 15 contacts to unlock feature.
spam	Your WhatsApp will be charged $1000/month starting 2026-06-24. Click to opt out: https://tinyurl.com/test
spam	Your account will be deleted in 48 hours. Forward this message to verify. WhatsApp Official.
spam	Group invite: Join 'Tech News' (4411 members). https://bit.ly/abc
spam	This message has been forwarded 7 times. Send to 15 contacts to unlock feature.
spam	Your account will be deleted in 48 hours. Forward this message to verify. WhatsApp Official.
spam	Someone shared your photo in a group. View it here: https://claim.now/123
spam	BREAKING: Costco is giving away $2500 gift cards to celebrate Black Friday. Claim: https://claim.now/123
spam	Group invite: Join 'Crypto Winners' (223 members). https://claim.now/123
spam	Your account will be deleted in 1 hours. Forward this message to verify. WhatsApp Official.
spam	Sarah tagged you in a comment. See it here: https://tinyurl.com/test
spam	Hey, is this you in this video? https://tinyurl.com/test
spam	I just earned $250 from this simple online task. Join me: https://bit.ly/abc
spam	Forward this to 10 contacts and you will receive MacBook Pro. It really works! I got mine!
spam	Your WhatsApp verification code is CLAIM. Do not share this code with anyone.
spam	Congratulations! You are the 1179th visitor. Win $250: https://t.co/xyz
spam	David tagged you in a comment. See it here: https://bit.ly/abc
spam	Hey, is this you in this video? https://t.co/xyz
spam	Hi! I made $50 yesterday working from home. Want to know how? Message me!
spam	Group invite: Join 'Work from Home' (4644 members). https://tinyurl.com/test
spam	Your account will be deleted in 48 hours. Forward this message to verify. WhatsApp Official.
spam	This message has been forwarded 14 times. Send to 15 contacts to unlock feature.
spam	Congratulations! You are the 3369th visitor. Win $250: https://t.co/xyz
spam	Someone shared your photo in a group. View it here: https://claim.now/123
spam	Hey, is this you in this video? https://claim.now/123
spam	Group invite: Join 'Tech News' (987 members). https://bit.ly/abc
spam	Your account will be deleted in 1 hours. Forward this message to verify. WhatsApp Official.
spam	Your WhatsApp will be charged $2500/month starting 2026-01-20. Click to opt out: https://bit.ly/abc
spam	Someone shared your photo in a group. View it here: https://t.co/xyz
spam	Your WhatsApp verification code is WINNER. Do not share this code with anyone.
spam	Hi! I made $5000 yesterday working from home. Want to know how? Message me!
spam	Your WhatsApp verification code is WINNER. Do not share this code with anyone.
spam	John tagged you in a comment. See it here: https://bit.ly/abc
spam	Hi! I made $2500 yesterday working from home. Want to know how? Message me!
spam	Don't open this link https://t.co/xyz it hacked my friend's phone. Warning to all contacts!
spam	Forward this to 10 contacts and you will receive iPhone 15. It really works! I got mine!
spam	I am Maria from PayPal. We have a refund of $2500 for you. Send your bank details.
spam	Your account will be deleted in 1 hours. Forward this message to verify. WhatsApp Official.
spam	I am Sarah from USPS. We have a refund of $500 for you. Send your bank details.
spam	BREAKING: Google is giving away $100 gift cards to celebrate holiday season. Claim: https://claim.now/123
spam	Don't open this link https://claim.now/123 it hacked my friend's phone. Warning to all contacts!
spam	Your account will be deleted in 6 hours. Forward this message to verify. WhatsApp Official.
spam	Group invite: Join 'Tech News' (973 members). https://tinyurl.com/test
spam	Hey, is this you in this video? https://claim.now/123
spam	Group invite: Join 'Daily Deals' (177 members). https://claim.now/123
spam	David tagged you in a comment. See it here: https://t.co/xyz
spam	Someone shared your photo in a group. View it here: https://t.co/xyz
spam	BREAKING: Zoom is giving away $5000 gift cards to celebrate New Year. Claim: https://tinyurl.com/test
spam	Hey, is this you in this video? https://bit.ly/abc
spam	Your WhatsApp will be charged $50/month starting 2026-07-05. Click to opt out: https://claim.now/123
spam	Your account will be deleted in 6 hours. Forward this message to verify. WhatsApp Official.
spam	Robert tagged you in a comment. See it here: https://t.co/xyz
spam	Congratulations! You are the 2581th visitor. Win $100: https://tinyurl.com/test
spam	This message has been forwarded 45 times. Send to 15 contacts to unlock feature.
spam	Your account will be deleted in 1 hours. Forward this message to verify. WhatsApp Official.
spam	Congratulations! You are the 3586th visitor. Win $50: https://bit.ly/abc
spam	Don't open this link https://bit.ly/abc it hacked my friend's phone. Warning to all contacts!
spam	Hey, is this you in this video? https://bit.ly/abc
spam	Group invite: Join 'Tech News' (4442 members). https://tinyurl.com/test
spam	Someone shared your photo in a group. View it here: https://claim.now/123
spam	Someone shared your photo in a group. View it here: https://t.co/xyz
spam	URGENT: Your Twitter account has been hacked. Secure it now: https://claim.now/123
spam	URGENT: Your Instagram account has been hacked. Secure it now: https://claim.now/123
spam	Your Facebook account will be permanently deleted. Confirm identity: https://tinyurl.com/test
spam	New crypto project launching 2026-05-01. Early investors get 10% bonus. Join: https://bit.ly/abc
spam	Check out my new tablet! Use code WINNER for 25% off.
spam	Check out my new tablet! Use code ABC123 for 50% off.
spam	Your Facebook account has been suspended for community guidelines violation. Appeal: https://t.co/xyz
spam	Your LinkedIn account will be permanently deleted. Confirm identity: https://tinyurl.com/test
spam	URGENT: Your Twitter account has been hacked. Secure it now: https://claim.now/123
spam	I am Maria, a Amazon recruiter. Your profile matches our $2500/yr position.
spam	Earn $50/week working from home. No experience needed. Sign up: https://tinyurl.com/test
spam	Follow @user434 and RT to win $100! Winner announced 2026-02-28.
spam	I am a prince from Canada and I need your help to transfer $2500. You will get 30%.
spam	Check out my new laptop! Use code CLAIM for 75% off.
spam	I am a prince from UK and I need your help to transfer $50. You will get 30%.
spam	Follow @user725 and RT to win $2500! Winner announced 2026-05-15.
spam	Follow @user850 and RT to win $50! Winner announced 2026-12-08.
spam	Free laptop giveaway! First 7565 people to click get one: https://claim.now/123
spam	Someone took screenshots of your chat. View here: https://t.co/xyz
spam	Someone took screenshots of your chat. View here: https://bit.ly/abc
spam	Follow @user668 and RT to win $500! Winner announced 2026-09-16.
spam	Earn $1000/week working from home. No experience needed. Sign up: https://t.co/xyz
spam	Check out my new camera! Use code WINNER for 50% off.
spam	Your LinkedIn account will be permanently deleted. Confirm identity: https://tinyurl.com/test
spam	Free smartphone giveaway! First 3400 people to click get one: https://claim.now/123
spam	You have 5550 new followers! See who: https://bit.ly/abc
spam	URGENT: Your Instagram account has been hacked. Secure it now: https://claim.now/123
spam	Your Facebook account will be permanently deleted. Confirm identity: https://claim.now/123
spam	You have 3827 new followers! See who: https://t.co/xyz
spam	I am a prince from India and I need your help to transfer $50. You will get 30%.
spam	Earn $100/week working from home. No experience needed. Sign up: https://tinyurl.com/test
spam	Check out my new smartphone! Use code XYZ789 for 75% off.
spam	You have 4990 new followers! See who: https://t.co/xyz
spam	Free smartphone giveaway! First 2481 people to click get one: https://claim.now/123
spam	Someone reported your post. Read the report here: https://t.co/xyz
spam	I am James, a Stripe recruiter. Your profile matches our $1000/yr position.
spam	See who viewed your profile in the last 12 hours: https://t.co/xyz
spam	See who viewed your profile in the last 6 hours: https://claim.now/123
spam	Earn $50/week working from home. No experience needed. Sign up: https://tinyurl.com/test
spam	Your TikTok account has been suspended for community guidelines violation. Appeal: https://bit.ly/abc
spam	New crypto project launching 2026-04-25. Early investors get 50% bonus. Join: https://bit.ly/abc
spam	Earn $2500/week working from home. No experience needed. Sign up: https://claim.now/123
spam	You have 8971 new followers! See who: https://tinyurl.com/test
spam	Your Instagram account will be permanently deleted. Confirm identity: https://claim.now/123
spam	You have 3571 new followers! See who: https://bit.ly/abc
spam	Your Facebook account has been suspended for community guidelines violation. Appeal: https://t.co/xyz
spam	I am Lisa, a Twitter recruiter. Your profile matches our $100/yr position.
spam	I am a prince from Canada and I need your help to transfer $5000. You will get 30%.
spam	You have 8285 new followers! See who: https://t.co/xyz
spam	I am Maria, a Walmart recruiter. Your profile matches our $2500/yr position.
spam	Earn $250/week working from home. No experience needed. Sign up: https://t.co/xyz
spam	I am a prince from India and I need your help to transfer $2500. You will get 30%.
spam	I made $100 this week with this simple trick. DM me for details!
spam	Someone reported your post. Read the report here: https://claim.now/123
spam	See who viewed your profile in the last 6 hours: https://t.co/xyz
spam	I am Lisa, a LinkedIn recruiter. Your profile matches our $250/yr position.
spam	Free laptop giveaway! First 6273 people to click get one: https://claim.now/123
spam	Your TikTok account has been suspended for community guidelines violation. Appeal: https://claim.now/123
spam	Your TikTok account will be permanently deleted. Confirm identity: https://t.co/xyz
spam	Someone reported your post. Read the report here: https://t.co/xyz
spam	Check out my new smartphone! Use code XYZ789 for 75% off.
spam	You have 4377 new followers! See who: https://tinyurl.com/test
spam	I am Lisa, a Airbnb recruiter. Your profile matches our $250/yr position.
spam	I am Robert, a USPS recruiter. Your profile matches our $100/yr position.
spam	Your TikTok account has been suspended for community guidelines violation. Appeal: https://claim.now/123
spam	Someone took screenshots of your chat. View here: https://tinyurl.com/test
spam	Follow @user300 and RT to win $500! Winner announced 2026-03-11.
spam	Free smartphone giveaway! First 8571 people to click get one: https://bit.ly/abc
spam	Someone took screenshots of your chat. View here: https://bit.ly/abc
spam	I am Emma, a eBay recruiter. Your profile matches our $250/yr position.
spam	New crypto project launching 2026-04-23. Early investors get 50% bonus. Join: https://t.co/xyz
spam	URGENT: Your Instagram account has been hacked. Secure it now: https://bit.ly/abc
spam	See who viewed your profile in the last 1 hours: https://t.co/xyz
spam	Check out my new camera! Use code FREE2024 for 75% off.
spam	URGENT: Your Facebook account has been hacked. Secure it now: https://tinyurl.com/test
spam	Your LinkedIn account will be permanently deleted. Confirm identity: https://t.co/xyz
spam	You have 3818 new followers! See who: https://tinyurl.com/test
spam	See who viewed your profile in the last 12 hours: https://claim.now/123
spam	Someone took screenshots of your chat. View here: https://tinyurl.com/test
spam	New crypto project launching 2026-12-26. Early investors get 30% bonus. Join: https://t.co/xyz
spam	You have 1871 new followers! See who: https://t.co/xyz
spam	URGENT: Your LinkedIn account has been hacked. Secure it now: https://bit.ly/abc
spam	Your Instagram account will be permanently deleted. Confirm identity: https://bit.ly/abc
spam	New crypto project launching 2026-02-17. Early investors get 20% bonus. Join: https://tinyurl.com/test
spam	You have 3534 new followers! See who: https://bit.ly/abc
spam	Free tablet giveaway! First 9978 people to click get one: https://tinyurl.com/test
spam	Follow @user184 and RT to win $5000! Winner announced 2026-05-11.
spam	You have 9753 new followers! See who: https://claim.now/123
spam	I am Sarah, a Uber recruiter. Your profile matches our $100/yr position.
spam	Your LinkedIn account will be permanently deleted. Confirm identity: https://tinyurl.com/test
spam	I made $100 this week with this simple trick. DM me for details!
spam	New crypto project launching 2026-03-11. Early investors get 20% bonus. Join: https://t.co/xyz
spam	Your TikTok account has been suspended for community guidelines violation. Appeal: https://tinyurl.com/test
spam	Follow @user256 and RT to win $5000! Winner announced 2026-08-24.
spam	New crypto project launching 2026-04-13. Early investors get 30% bonus. Join: https://claim.now/123
spam	Your Twitter account has been suspended for community guidelines violation. Appeal: https://t.co/xyz
spam	I am James, a DHL recruiter. Your profile matches our $500/yr position.
spam	I am John, a GitHub recruiter. Your profile matches our $5000/yr position.
spam	New crypto project launching 2026-01-19. Early investors get 20% bonus. Join: https://claim.now/123
spam	I am Sarah, a Walmart recruiter. Your profile matches our $100/yr position.
spam	See who viewed your profile in the last 6 hours: https://tinyurl.com/test
spam	New crypto project launching 2026-06-03. Early investors get 10% bonus. Join: https://t.co/xyz
spam	See who viewed your profile in the last 1 hours: https://bit.ly/abc
spam	I am a prince from Canada and I need your help to transfer $50. You will get 30%.
spam	Check out my new headphones! Use code ABC123 for 30% off.
spam	Free camera giveaway! First 3327 people to click get one: https://t.co/xyz
spam	New crypto project launching 2026-04-07. Early investors get 30% bonus. Join: https://t.co/xyz
spam	You have 8028 new followers! See who: https://tinyurl.com/test
spam	I am a prince from India and I need your help to transfer $100. You will get 30%.
spam	Your Twitter account will be permanently deleted. Confirm identity: https://claim.now/123
spam	Your LinkedIn account has been suspended for community guidelines violation. Appeal: https://bit.ly/abc
spam	Free headphones giveaway! First 8816 people to click get one: https://tinyurl.com/test
spam	See who viewed your profile in the last 48 hours: https://bit.ly/abc
spam	Check out my new smartphone! Use code FREE2024 for 10% off.
spam	Check out my new laptop! Use code XYZ789 for 50% off.
spam	You have 7348 new followers! See who: https://tinyurl.com/test
spam	Your LinkedIn account will be permanently deleted. Confirm identity: https://t.co/xyz
spam	Someone reported your post. Read the report here: https://tinyurl.com/test
spam	I am Anna, a Samsung recruiter. Your profile matches our $50/yr position.
spam	See who viewed your profile in the last 2 hours: https://tinyurl.com/test
spam	See who viewed your profile in the last 48 hours: https://t.co/xyz
spam	URGENT: Your TikTok account has been hacked. Secure it now: https://bit.ly/abc
spam	You have 1009 new followers! See who: https://claim.now/123
spam	URGENT: Your LinkedIn account has been hacked. Secure it now: https://bit.ly/abc
spam	You have 8780 new followers! See who: https://claim.now/123
spam	Check out my new tablet! Use code ABC123 for 10% off.
spam	Follow @user203 and RT to win $500! Winner announced 2026-03-08.
spam	I am a prince from UK and I need your help to transfer $50. You will get 30%.
spam	See who viewed your profile in the last 12 hours: https://tinyurl.com/test
spam	Someone reported your post. Read the report here: https://tinyurl.com/test
spam	Follow @user821 and RT to win $50! Winner announced 2026-05-16.
spam	Earn $250/week working from home. No experience needed. Sign up: https://tinyurl.com/test
spam	You have 3281 new followers! See who: https://t.co/xyz
spam	See who viewed your profile in the last 12 hours: https://tinyurl.com/test
spam	Check out my new headphones! Use code WINNER for 25% off.
spam	Follow @user858 and RT to win $250! Winner announced 2026-04-06.
spam	I made $100 this week with this simple trick. DM me for details!
spam	Free tablet giveaway! First 2267 people to click get one: https://claim.now/123
spam	I am James, a Airbnb recruiter. Your profile matches our $50/yr position.
spam	URGENT: Your Facebook account has been hacked. Secure it now: https://t.co/xyz
spam	Your Instagram account has been suspended for community guidelines violation. Appeal: https://bit.ly/abc
spam	I am Lisa, a Netflix recruiter. Your profile matches our $250/yr position.
spam	I made $250 this week with this simple trick. DM me for details!
spam	I made $500 this week with this simple trick. DM me for details!
spam	New crypto project launching 2026-09-18. Early investors get 75% bonus. Join: https://t.co/xyz
spam	Someone took screenshots of your chat. View here: https://tinyurl.com/test
spam	Someone took screenshots of your chat. View here: https://bit.ly/abc
spam	I made $2500 this week with this simple trick. DM me for details!
spam	Your TikTok account has been suspended for community guidelines violation. Appeal: https://claim.now/123
spam	Your LinkedIn account has been suspended for community guidelines violation. Appeal: https://claim.now/123
spam	Your LinkedIn account will be permanently deleted. Confirm identity: https://claim.now/123
spam	Follow @user132 and RT to win $5000! Winner announced 2026-10-28.
spam	Someone took screenshots of your chat. View here: https://tinyurl.com/test
spam	Someone took screenshots of your chat. View here: https://claim.now/123
spam	See who viewed your profile in the last 6 hours: https://t.co/xyz
spam	You have 1729 new followers! See who: https://tinyurl.com/test
spam	I am a prince from India and I need your help to transfer $5000. You will get 30%.
spam	I am a prince from Ghana and I need your help to transfer $5000. You will get 30%.
spam	You have 6530 new followers! See who: https://tinyurl.com/test
spam	Free tablet giveaway! First 6757 people to click get one: https://tinyurl.com/test
spam	Free headphones giveaway! First 6823 people to click get one: https://t.co/xyz
spam	Your Instagram account will be permanently deleted. Confirm identity: https://claim.now/123
spam	Someone reported your post. Read the report here: https://claim.now/123
spam	Free laptop giveaway! First 2126 people to click get one: https://tinyurl.com/test
spam	I made $2500 this week with this simple trick. DM me for details!
spam	Someone reported your post. Read the report here: https://claim.now/123
spam	Your Instagram account has been suspended for community guidelines violation. Appeal: https://bit.ly/abc
spam	URGENT: Your Facebook account has been hacked. Secure it now: https://t.co/xyz
spam	I am a prince from Ghana and I need your help to transfer $1000. You will get 30%.
spam	Someone took screenshots of your chat. View here: https://tinyurl.com/test
spam	Someone reported your post. Read the report here: https://t.co/xyz
spam	Your Instagram account has been suspended for community guidelines violation. Appeal: https://t.co/xyz
spam	Free laptop giveaway! First 4757 people to click get one: https://t.co/xyz
spam	Your Twitter account has been suspended for community guidelines violation. Appeal: https://t.co/xyz
spam	Follow @user948 and RT to win $1000! Winner announced 2026-05-23.
spam	I am a prince from Ghana and I need your help to transfer $250. You will get 30%.
spam	Free tablet giveaway! First 6440 people to click get one: https://bit.ly/abc
spam	Earn $2500/week working from home. No experience needed. Sign up: https://bit.ly/abc
spam	Someone took screenshots of your chat. View here: https://tinyurl.com/test
spam	Follow @user474 and RT to win $2500! Winner announced 2026-04-14.
spam	Someone took screenshots of your chat. View here: https://bit.ly/abc
spam	Someone took screenshots of your chat. View here: https://tinyurl.com/test
spam	Follow @user448 and RT to win $250! Winner announced 2026-03-12.
spam	URGENT: Your TikTok account has been hacked. Secure it now: https://bit.ly/abc
spam	See who viewed your profile in the last 2 hours: https://tinyurl.com/test
spam	See who viewed your profile in the last 12 hours: https://claim.now/123
spam	You have 2961 new followers! See who: https://bit.ly/abc
spam	Free tablet giveaway! First 3795 people to click get one: https://tinyurl.com/test
spam	I made $100 this week with this simple trick. DM me for details!
spam	I am Sarah, a LinkedIn recruiter. Your profile matches our $500/yr position.
spam	Check out my new laptop! Use code XYZ789 for 20% off.
spam	Check out my new camera! Use code CLAIM for 20% off.
spam	See who viewed your profile in the last 1 hours: https://t.co/xyz
spam	I am a prince from Ghana and I need your help to transfer $2500. You will get 30%.
spam	Follow @user421 and RT to win $1000! Winner announced 2026-04-01.
spam	Someone reported your post. Read the report here: https://tinyurl.com/test
spam	I made $5000 this week with this simple trick. DM me for details!
spam	Someone reported your post. Read the report here: https://claim.now/123
spam	See who viewed your profile in the last 2 hours: https://bit.ly/abc
spam	Your TikTok account has been suspended for community guidelines violation. Appeal: https://t.co/xyz
spam	Delivery attempt failed. Reschedule: https://bit.ly/abc or call +1-800-947-3988
spam	Your Instagram return request has been approved. Label attached: https://tinyurl.com/test
spam	Your Instagram wishlist item is now in stock. Buy before it sells out: https://claim.now/123
spam	Your Zoom order #7519 has been dispatched. Track: https://claim.now/123
spam	New: UPS Express delivery available. Get items same day for $100.
spam	Your Walmart return request has been approved. Label attached: https://t.co/xyz
spam	Your Twitter subscription renewal: $250 charged to card ending 7241.
spam	Payment of $5000 confirmed for order #6783. Receipt: https://t.co/xyz
spam	Missing item in your Tesla order? Report within 7 days: https://bit.ly/abc
spam	Your Walmart refund of $1000 has been processed. Allow 5 business days.
spam	Missing item in your Slack order? Report within 2 days: https://t.co/xyz
spam	Your GitHub subscription renewal: $50 charged to card ending 1110.
spam	Review your recent Netflix purchase and earn 50% off your next order.
spam	Payment of $1000 confirmed for order #4761. Receipt: https://tinyurl.com/test
spam	Your Google subscription renewal: $2500 charged to card ending 8226.
spam	Your Twitter wishlist item is now in stock. Buy before it sells out: https://tinyurl.com/test
spam	Payment of $250 confirmed for order #6256. Receipt: https://claim.now/123
spam	Missing item in your Slack order? Report within 14 days: https://claim.now/123
spam	Your Costco wishlist item is now in stock. Buy before it sells out: https://bit.ly/abc
spam	Your Spotify wishlist item is now in stock. Buy before it sells out: https://t.co/xyz
spam	We noticed you haven't reviewed your last FedEx order. Share your feedback.
spam	Missing item in your DHL order? Report within 30 days: https://claim.now/123
spam	Your Zoom order #4216 has been dispatched. Track: https://t.co/xyz
spam	Your Uber return request has been approved. Label attached: https://bit.ly/abc
spam	We noticed you haven't reviewed your last LinkedIn order. Share your feedback.
spam	Your Facebook account email has been updated. If not you, secure: https://t.co/xyz
spam	Missing item in your eBay order? Report within 5 days: https://tinyurl.com/test
spam	Review your recent Costco purchase and earn 25% off your next order.
spam	Your Apple account email has been updated. If not you, secure: https://claim.now/123
spam	Your Target subscription renewal: $500 charged to card ending 2383.
spam	Your Twitter subscription renewal: $50 charged to card ending 6821.
spam	Your UPS return request has been approved. Label attached: https://tinyurl.com/test
spam	Flash sale: USPS items 10% off for 1 hours only! https://bit.ly/abc
spam	Your Dropbox order #7262 has been dispatched. Track: https://tinyurl.com/test
spam	Your Shopify account email has been updated. If not you, secure: https://t.co/xyz
spam	Your Apple return request has been approved. Label attached: https://bit.ly/abc
spam	Delivery attempt failed. Reschedule: https://t.co/xyz or call +1-800-962-4095
spam	Review your recent USPS purchase and earn 20% off your next order.
spam	New: USPS Express delivery available. Get items same day for $250.
spam	Missing item in your Airbnb order? Report within 5 days: https://claim.now/123
spam	Delivery attempt failed. Reschedule: https://t.co/xyz or call +1-800-338-4495
spam	Your Spotify subscription renewal: $250 charged to card ending 2595.
spam	New: USPS Express delivery available. Get items same day for $5000.
spam	Your Netflix account email has been updated. If not you, secure: https://claim.now/123
spam	Your LinkedIn wishlist item is now in stock. Buy before it sells out: https://bit.ly/abc
spam	Your Walmart refund of $500 has been processed. Allow 7 business days.
spam	Your Slack order #1473 has been dispatched. Track: https://tinyurl.com/test
spam	Your Microsoft order #8404 has been dispatched. Track: https://tinyurl.com/test
spam	Payment of $250 confirmed for order #7489. Receipt: https://bit.ly/abc
spam	Your PayPal subscription renewal: $5000 charged to card ending 9721.
spam	Payment of $2500 confirmed for order #7019. Receipt: https://bit.ly/abc
spam	Your Zoom account email has been updated. If not you, secure: https://bit.ly/abc
spam	Your Target order #2701 has been dispatched. Track: https://t.co/xyz
spam	Delivery attempt failed. Reschedule: https://tinyurl.com/test or call +1-800-995-9828
spam	Your Target wishlist item is now in stock. Buy before it sells out: https://claim.now/123
spam	Payment of $1000 confirmed for order #3574. Receipt: https://t.co/xyz
spam	Payment of $50 confirmed for order #1183. Receipt: https://bit.ly/abc
spam	Flash sale: Apple items 30% off for 6 hours only! https://bit.ly/abc
spam	Your Amazon refund of $500 has been processed. Allow 30 business days.
spam	Your Amazon account email has been updated. If not you, secure: https://t.co/xyz
spam	Your Amazon refund of $100 has been processed. Allow 5 business days.
spam	We noticed you haven't reviewed your last PayPal order. Share your feedback.
spam	Delivery attempt failed. Reschedule: https://t.co/xyz or call +1-800-229-7015
spam	Your Slack subscription renewal: $2500 charged to card ending 5587.
spam	Your Shopify wishlist item is now in stock. Buy before it sells out: https://t.co/xyz
spam	Your Spotify return request has been approved. Label attached: https://tinyurl.com/test
spam	Review your recent USPS purchase and earn 30% off your next order.
spam	Flash sale: Netflix items 20% off for 48 hours only! https://claim.now/123
spam	Payment of $5000 confirmed for order #1821. Receipt: https://claim.now/123
spam	Your Google account email has been updated. If not you, secure: https://tinyurl.com/test
spam	Payment of $2500 confirmed for order #6854. Receipt: https://claim.now/123
spam	Your Instagram subscription renewal: $50 charged to card ending 1159.
spam	Your Shopify order #6518 has been dispatched. Track: https://t.co/xyz
spam	Your Google return request has been approved. Label attached: https://claim.now/123
spam	Delivery attempt failed. Reschedule: https://t.co/xyz or call +1-800-288-2001
spam	Flash sale: Netflix items 10% off for 6 hours only! https://t.co/xyz
spam	Your Dropbox account has been credited with $250 cashback.
spam	Missing item in your Netflix order? Report within 7 days: https://tinyurl.com/test
spam	Your Amazon wishlist item is now in stock. Buy before it sells out: https://bit.ly/abc
spam	Your UPS return request has been approved. Label attached: https://t.co/xyz
spam	Delivery attempt failed. Reschedule: https://tinyurl.com/test or call +1-800-834-8191
spam	Your Walmart subscription renewal: $100 charged to card ending 8208.
spam	Your PayPal account has been credited with $2500 cashback.
spam	Your Costco return request has been approved. Label attached: https://bit.ly/abc
spam	Your Facebook account has been credited with $2500 cashback.
spam	Delivery attempt failed. Reschedule: https://bit.ly/abc or call +1-800-237-5615
spam	Your Netflix subscription renewal: $250 charged to card ending 7396.
spam	Your Zoom wishlist item is now in stock. Buy before it sells out: https://t.co/xyz
spam	Your Slack return request has been approved. Label attached: https://t.co/xyz
spam	Flash sale: UPS items 30% off for 12 hours only! https://t.co/xyz
spam	Your UPS wishlist item is now in stock. Buy before it sells out: https://bit.ly/abc
spam	Your Costco account email has been updated. If not you, secure: https://tinyurl.com/test
spam	Payment of $50 confirmed for order #1574. Receipt: https://t.co/xyz
spam	Your Instagram account email has been updated. If not you, secure: https://claim.now/123
spam	Review your recent Costco purchase and earn 20% off your next order.
spam	Your Apple wishlist item is now in stock. Buy before it sells out: https://claim.now/123
spam	Payment of $50 confirmed for order #2879. Receipt: https://claim.now/123
spam	New: Microsoft Express delivery available. Get items same day for $100.
spam	We noticed you haven't reviewed your last Instagram order. Share your feedback.
spam	New: PayPal Express delivery available. Get items same day for $100.
spam	Your Apple account has been credited with $500 cashback.
spam	Flash sale: Zoom items 20% off for 1 hours only! https://tinyurl.com/test
spam	Your Google wishlist item is now in stock. Buy before it sells out: https://t.co/xyz
spam	Your Airbnb wishlist item is now in stock. Buy before it sells out: https://t.co/xyz
spam	Your Netflix return request has been approved. Label attached: https://t.co/xyz
spam	Your Microsoft account email has been updated. If not you, secure: https://t.co/xyz
spam	Your Samsung wishlist item is now in stock. Buy before it sells out: https://tinyurl.com/test
spam	Your Airbnb order #6828 has been dispatched. Track: https://bit.ly/abc
spam	Your eBay account email has been updated. If not you, secure: https://bit.ly/abc
spam	Payment of $5000 confirmed for order #8385. Receipt: https://bit.ly/abc
spam	Review your recent Zoom purchase and earn 20% off your next order.
spam	Your Zoom subscription renewal: $100 charged to card ending 4232.
spam	New: Best Buy Express delivery available. Get items same day for $500.
spam	Your PayPal order #7776 has been dispatched. Track: https://tinyurl.com/test
spam	We noticed you haven't reviewed your last Shopify order. Share your feedback.
spam	Your FedEx account has been credited with $500 cashback.
spam	New: Instagram Express delivery available. Get items same day for $250.
spam	Payment of $100 confirmed for order #5823. Receipt: https://claim.now/123
spam	Your GitHub order #4427 has been dispatched. Track: https://claim.now/123
spam	Your PayPal account email has been updated. If not you, secure: https://claim.now/123
spam	Your Best Buy account has been credited with $100 cashback.
spam	Payment of $5000 confirmed for order #7577. Receipt: https://bit.ly/abc
spam	New: PayPal Express delivery available. Get items same day for $5000.
spam	Your Samsung wishlist item is now in stock. Buy before it sells out: https://t.co/xyz
spam	Your Twitter account email has been updated. If not you, secure: https://bit.ly/abc
spam	Your eBay order #2023 has been dispatched. Track: https://tinyurl.com/test
spam	We noticed you haven't reviewed your last GitHub order. Share your feedback.
spam	Your LinkedIn wishlist item is now in stock. Buy before it sells out: https://bit.ly/abc
spam	Your Zoom account has been credited with $500 cashback.
spam	Your Slack account email has been updated. If not you, secure: https://t.co/xyz
spam	Review your recent USPS purchase and earn 50% off your next order.
spam	Your Stripe loyalty points (4316) expire on 2026-01-09. Redeem now: https://claim.now/123
spam	Your Tesla loyalty points (4651) expire on 2026-06-17. Redeem now: https://t.co/xyz
spam	Flash sale: Slack items 20% off for 48 hours only! https://t.co/xyz
spam	Delivery attempt failed. Reschedule: https://tinyurl.com/test or call +1-800-336-5446
spam	We noticed you haven't reviewed your last Stripe order. Share your feedback.
spam	Your LinkedIn return request has been approved. Label attached: https://tinyurl.com/test
spam	Payment of $100 confirmed for order #8738. Receipt: https://tinyurl.com/test
spam	Missing item in your eBay order? Report within 3 days: https://tinyurl.com/test
spam	Delivery attempt failed. Reschedule: https://tinyurl.com/test or call +1-800-327-4198
spam	Your DHL return request has been approved. Label attached: https://claim.now/123
spam	Flash sale: Apple items 30% off for 48 hours only! https://t.co/xyz
spam	We noticed you haven't reviewed your last Netflix order. Share your feedback.
spam	Your Amazon account email has been updated. If not you, secure: https://t.co/xyz
spam	Your Instagram refund of $5000 has been processed. Allow 14 business days.
spam	We noticed you haven't reviewed your last Shopify order. Share your feedback.
spam	Your Shopify return request has been approved. Label attached: https://bit.ly/abc
spam	New: Slack Express delivery available. Get items same day for $100.
spam	New: Microsoft Express delivery available. Get items same day for $50.
spam	Your Walmart account has been credited with $2500 cashback.
spam	Flash sale: LinkedIn items 50% off for 2 hours only! https://t.co/xyz
spam	Your Twitter account email has been updated. If not you, secure: https://tinyurl.com/test
spam	Flash sale: Shopify items 50% off for 2 hours only! https://bit.ly/abc
spam	New: Shopify Express delivery available. Get items same day for $50.
spam	We noticed you haven't reviewed your last Apple order. Share your feedback.
spam	Payment of $250 confirmed for order #1119. Receipt: https://tinyurl.com/test
spam	Your Zoom refund of $50 has been processed. Allow 14 business days.
spam	Payment of $5000 confirmed for order #7268. Receipt: https://tinyurl.com/test
spam	Your Samsung order #1510 has been dispatched. Track: https://bit.ly/abc
spam	Your Dropbox order #9344 has been dispatched. Track: https://t.co/xyz
spam	Your Microsoft subscription renewal: $1000 charged to card ending 3360.
spam	Your Shopify account email has been updated. If not you, secure: https://claim.now/123
spam	Your UPS account email has been updated. If not you, secure: https://bit.ly/abc
spam	Your Target subscription renewal: $1000 charged to card ending 2404.
spam	We noticed you haven't reviewed your last Slack order. Share your feedback.
spam	Payment of $5000 confirmed for order #7607. Receipt: https://t.co/xyz
spam	Your Target return request has been approved. Label attached: https://bit.ly/abc
spam	Your Amazon order #7051 has been dispatched. Track: https://tinyurl.com/test
spam	Your eBay account has been credited with $500 cashback.
spam	Payment of $1000 confirmed for order #6320. Receipt: https://t.co/xyz
spam	Your Netflix return request has been approved. Label attached: https://bit.ly/abc
spam	Your Apple order #3049 has been dispatched. Track: https://t.co/xyz
spam	Delivery attempt failed. Reschedule: https://tinyurl.com/test or call +1-800-531-2361
spam	Your Costco subscription renewal: $100 charged to card ending 8240.
spam	Your Best Buy subscription renewal: $1000 charged to card ending 1878.
spam	Your Dropbox refund of $1000 has been processed. Allow 30 business days.
spam	Your eBay account has been credited with $1000 cashback.
spam	Your GitHub account has been credited with $2500 cashback.
spam	Your Amazon order #6812 has been dispatched. Track: https://tinyurl.com/test
spam	We noticed you haven't reviewed your last Amazon order. Share your feedback.
spam	Your Zoom return request has been approved. Label attached: https://claim.now/123
spam	Your GitHub subscription renewal: $50 charged to card ending 6773.
spam	Flash sale: Facebook items 25% off for 48 hours only! https://bit.ly/abc
spam	Your Spotify wishlist item is now in stock. Buy before it sells out: https://t.co/xyz
spam	Review your recent Twitter purchase and earn 25% off your next order.
spam	Your Zoom wishlist item is now in stock. Buy before it sells out: https://t.co/xyz
spam	Review your recent Zoom purchase and earn 10% off your next order.
spam	Your Stripe refund of $5000 has been processed. Allow 3 business days.
spam	Review your recent Costco purchase and earn 25% off your next order.
spam	Missing item in your Samsung order? Report within 30 days: https://claim.now/123
spam	Your Spotify order #3411 has been dispatched. Track: https://claim.now/123
spam	Your Microsoft subscription renewal: $5000 charged to card ending 4812.
spam	Your GitHub account email has been updated. If not you, secure: https://t.co/xyz
spam	We noticed you haven't reviewed your last Zoom order. Share your feedback.
spam	Your Target wishlist item is now in stock. Buy before it sells out: https://tinyurl.com/test
spam	Your PayPal order #7121 has been dispatched. Track: https://claim.now/123
spam	Your GitHub loyalty points (1385) expire on 2026-05-09. Redeem now: https://t.co/xyz
spam	Payment of $50 confirmed for order #7632. Receipt: https://bit.ly/abc
spam	Review your recent Samsung purchase and earn 20% off your next order.
spam	Your Apple account has been credited with $250 cashback.
spam	Free headphones trial - no credit card required. Sign up: https://claim.now/123
spam	WINNER! Your number ABC123 won $250 in the Walmart lottery. Contact us.
spam	Free tablet trial - no credit card required. Sign up: https://t.co/xyz
spam	Your Walmart antivirus has expired. Renew now to stay protected: https://bit.ly/abc
spam	Free smartphone trial - no credit card required. Sign up: https://t.co/xyz
spam	Your Instagram bill is ready. View and pay: https://bit.ly/abc
spam	Your Uber appointment is confirmed for 2026-09-20. Cancel or reschedule: https://bit.ly/abc
spam	Your Amazon appointment is confirmed for 2026-07-10. Cancel or reschedule: https://t.co/xyz
spam	Your Apple appointment is confirmed for 2026-07-10. Cancel or reschedule: https://claim.now/123
spam	Your Facebook subscription was upgraded to Premium. $500/month.
spam	Your Twitter membership upgrade is ready. Enjoy premium features: https://bit.ly/abc
spam	Your Spotify device warranty expires in 3 days. Extend: https://claim.now/123
spam	Your LinkedIn cloud backup is 82% complete. Do not close the app.
spam	We miss you! Come back to Tesla and get $100 off your next order.
spam	You have been selected for a $500 government grant. Apply: https://tinyurl.com/test
spam	Your Samsung subscription was upgraded to Premium. $5000/month.
spam	Special invitation: Join Amazon VIP program. Benefits worth $5000/year.
spam	Your Uber subscription was upgraded to Premium. $5000/month.
spam	Your Amazon bill is ready. View and pay: https://t.co/xyz
spam	Your UPS account needs verification. Complete within 1 hours: https://tinyurl.com/test
spam	URGENT: Your Apple account will be deactivated in 1 hours. Verify now.
spam	You have 5000 unread notifications on Netflix. View: https://tinyurl.com/test
spam	Your Dropbox bill is ready. View and pay: https://claim.now/123
spam	Your Tesla subscription was upgraded to Premium. $100/month.
spam	Package delivery attempted. Your Amazon parcel needs signature. Reschedule: https://tinyurl.com/test
spam	Your GitHub device warranty expires in 3 days. Extend: https://claim.now/123
spam	Free headphones trial - no credit card required. Sign up: https://tinyurl.com/test
spam	Your Uber account needs verification. Complete within 24 hours: https://claim.now/123
spam	Free headphones trial - no credit card required. Sign up: https://bit.ly/abc
spam	Your PayPal subscription was upgraded to Premium. $2500/month.
spam	Your Slack cloud backup is 97% complete. Do not close the app.
spam	Your eBay bill is ready. View and pay: https://bit.ly/abc
spam	Your Uber cloud backup is 97% complete. Do not close the app.
spam	Your eBay appointment is confirmed for 2026-07-07. Cancel or reschedule: https://bit.ly/abc
spam	Alert: 250 new messages waiting at https://tinyurl.com/test. Log in to read.
spam	Your Samsung trial of Premium ends tomorrow. Subscribe for $100/mo.
spam	WINNER! Your number CLAIM won $2500 in the Tesla lottery. Contact us.
spam	Your Netflix trial of Premium ends tomorrow. Subscribe for $1000/mo.
spam	Your tax refund of $100 is pending. Claim before 2026-09-22: https://t.co/xyz
spam	Your USPS account needs verification. Complete within 12 hours: https://claim.now/123
spam	Special invitation: Join DHL VIP program. Benefits worth $250/year.
spam	Your Google bill is ready. View and pay: https://bit.ly/abc
spam	Your Facebook membership upgrade is ready. Enjoy premium features: https://tinyurl.com/test
spam	Your Zoom membership upgrade is ready. Enjoy premium features: https://claim.now/123
spam	Your Tesla appointment is confirmed for 2026-11-24. Cancel or reschedule: https://bit.ly/abc
spam	Your PayPal device warranty expires in 2 days. Extend: https://tinyurl.com/test
spam	Special invitation: Join Costco VIP program. Benefits worth $1000/year.
spam	You have been selected for a $100 government grant. Apply: https://t.co/xyz
spam	Package delivery attempted. Your Target parcel needs signature. Reschedule: https://t.co/xyz
spam	Free laptop trial - no credit card required. Sign up: https://claim.now/123
spam	Your Airbnb membership upgrade is ready. Enjoy premium features: https://t.co/xyz
spam	Alert: 1000 new messages waiting at https://t.co/xyz. Log in to read.
spam	Your Amazon bill is ready. View and pay: https://t.co/xyz
spam	We miss you! Come back to LinkedIn and get $50 off your next order.
spam	Your Twitter cloud backup is 92% complete. Do not close the app.
spam	Package delivery attempted. Your Spotify parcel needs signature. Reschedule: https://claim.now/123
spam	Your LinkedIn cloud backup is 71% complete. Do not close the app.
spam	Special invitation: Join PayPal VIP program. Benefits worth $500/year.
spam	URGENT: Your Dropbox account will be deactivated in 1 hours. Verify now.
spam	You have been selected for a $5000 government grant. Apply: https://tinyurl.com/test
spam	WINNER! Your number ABC123 won $1000 in the Uber lottery. Contact us.
spam	Your Stripe subscription was upgraded to Premium. $1000/month.
spam	Alert: 500 new messages waiting at https://bit.ly/abc. Log in to read.
spam	URGENT: Your DHL account will be deactivated in 24 hours. Verify now.
spam	Your GitHub antivirus has expired. Renew now to stay protected: https://t.co/xyz
spam	Free smartphone trial - no credit card required. Sign up: https://t.co/xyz
spam	We miss you! Come back to Apple and get $500 off your next order.
spam	Your Target bill is ready. View and pay: https://t.co/xyz
spam	Your PayPal antivirus has expired. Renew now to stay protected: https://claim.now/123
spam	Your Facebook appointment is confirmed for 2026-06-12. Cancel or reschedule: https://claim.now/123
spam	Alert: 500 new messages waiting at https://tinyurl.com/test. Log in to read.
spam	Your Instagram account needs verification. Complete within 24 hours: https://bit.ly/abc
spam	You have been selected for a $2500 government grant. Apply: https://claim.now/123
spam	Your tax refund of $250 is pending. Claim before 2026-11-24: https://bit.ly/abc
spam	Your Twitter subscription was upgraded to Premium. $100/month.
spam	Your Airbnb antivirus has expired. Renew now to stay protected: https://tinyurl.com/test
spam	Your Microsoft bill is ready. View and pay: https://t.co/xyz
spam	Congratulations! You qualify for a $1000 personal loan at 30% interest.
spam	Special invitation: Join Samsung VIP program. Benefits worth $250/year.
spam	WINNER! Your number FREE2024 won $50 in the Stripe lottery. Contact us.
spam	We miss you! Come back to Samsung and get $500 off your next order.
spam	Package delivery attempted. Your FedEx parcel needs signature. Reschedule: https://claim.now/123
spam	You have been selected for a $1000 government grant. Apply: https://bit.ly/abc
spam	Congratulations! You qualify for a $50 personal loan at 75% interest.
spam	Your USPS cloud backup is 82% complete. Do not close the app.
spam	Your Zoom antivirus has expired. Renew now to stay protected: https://tinyurl.com/test
spam	Your LinkedIn membership upgrade is ready. Enjoy premium features: https://claim.now/123
spam	Your Walmart account needs verification. Complete within 2 hours: https://bit.ly/abc
spam	Your Twitter cloud backup is 99% complete. Do not close the app.
spam	Your Instagram bill is ready. View and pay: https://claim.now/123
spam	WINNER! Your number CLAIM won $5000 in the Costco lottery. Contact us.
spam	Your UPS subscription was upgraded to Premium. $500/month.
spam	Your Microsoft trial of Premium ends tomorrow. Subscribe for $2500/mo.
spam	Congratulations! You qualify for a $50 personal loan at 30% interest.
spam	Your Google membership upgrade is ready. Enjoy premium features: https://tinyurl.com/test
spam	Your Samsung appointment is confirmed for 2026-05-18. Cancel or reschedule: https://claim.now/123
spam	Your Slack subscription was upgraded to Premium. $100/month.
spam	Your Apple membership upgrade is ready. Enjoy premium features: https://t.co/xyz
spam	Special invitation: Join Microsoft VIP program. Benefits worth $100/year.
spam	Your Zoom bill is ready. View and pay: https://tinyurl.com/test
spam	Your Facebook device warranty expires in 5 days. Extend: https://t.co/xyz
spam	You have been selected for a $5000 government grant. Apply: https://claim.now/123
spam	Your Walmart antivirus has expired. Renew now to stay protected: https://t.co/xyz
spam	Your Dropbox trial of Premium ends tomorrow. Subscribe for $250/mo.
spam	URGENT: Your Airbnb account will be deactivated in 1 hours. Verify now.
spam	WINNER! Your number FREE2024 won $50 in the Instagram lottery. Contact us.
spam	You have 5000 unread notifications on eBay. View: https://claim.now/123
spam	Package delivery attempted. Your Airbnb parcel needs signature. Reschedule: https://claim.now/123
spam	Your LinkedIn trial of Premium ends tomorrow. Subscribe for $250/mo.
spam	Your Microsoft trial of Premium ends tomorrow. Subscribe for $250/mo.
spam	Alert: 1000 new messages waiting at https://t.co/xyz. Log in to read.
spam	Your USPS account needs verification. Complete within 2 hours: https://claim.now/123
spam	Your Uber account needs verification. Complete within 12 hours: https://t.co/xyz
spam	Your LinkedIn cloud backup is 95% complete. Do not close the app.
spam	WINNER! Your number WINNER won $500 in the Facebook lottery. Contact us.
spam	Your Apple account needs verification. Complete within 24 hours: https://claim.now/123
spam	Your Apple subscription was upgraded to Premium. $5000/month.
spam	Free laptop trial - no credit card required. Sign up: https://tinyurl.com/test
spam	Your Apple device warranty expires in 5 days. Extend: https://claim.now/123
spam	Your Instagram appointment is confirmed for 2026-08-14. Cancel or reschedule: https://tinyurl.com/test
spam	We miss you! Come back to Facebook and get $50 off your next order.
spam	Your Instagram account needs verification. Complete within 12 hours: https://t.co/xyz
spam	Your Apple antivirus has expired. Renew now to stay protected: https://t.co/xyz
spam	Special invitation: Join Amazon VIP program. Benefits worth $1000/year.
spam	Your FedEx antivirus has expired. Renew now to stay protected: https://bit.ly/abc
spam	Congratulations! You qualify for a $250 personal loan at 30% interest.
spam	You have 2500 unread notifications on Instagram. View: https://claim.now/123
spam	Alert: 100 new messages waiting at https://tinyurl.com/test. Log in to read.
spam	Alert: 2500 new messages waiting at https://bit.ly/abc. Log in to read.
spam	WINNER! Your number CLAIM won $100 in the Instagram lottery. Contact us.
spam	Your Tesla antivirus has expired. Renew now to stay protected: https://tinyurl.com/test
spam	Package delivery attempted. Your FedEx parcel needs signature. Reschedule: https://claim.now/123
spam	Free headphones trial - no credit card required. Sign up: https://t.co/xyz
spam	Alert: 50 new messages waiting at https://bit.ly/abc. Log in to read.
spam	WINNER! Your number WINNER won $250 in the LinkedIn lottery. Contact us.
spam	You have 2500 unread notifications on eBay. View: https://t.co/xyz
spam	Your Tesla subscription was upgraded to Premium. $2500/month.
spam	You have 250 unread notifications on Google. View: https://t.co/xyz
spam	Free headphones trial - no credit card required. Sign up: https://bit.ly/abc
spam	Your UPS antivirus has expired. Renew now to stay protected: https://bit.ly/abc
spam	You have 50 unread notifications on DHL. View: https://bit.ly/abc
spam	Your Amazon trial of Premium ends tomorrow. Subscribe for $1000/mo.
spam	You have been selected for a $50 government grant. Apply: https://tinyurl.com/test
spam	Your tax refund of $250 is pending. Claim before 2026-03-19: https://t.co/xyz
spam	Your Shopify subscription was upgraded to Premium. $500/month.
spam	Your Airbnb device warranty expires in 30 days. Extend: https://tinyurl.com/test
spam	You have 5000 unread notifications on UPS. View: https://tinyurl.com/test
spam	Your Amazon subscription was upgraded to Premium. $100/month.
spam	Your Spotify bill is ready. View and pay: https://bit.ly/abc
spam	Your tax refund of $250 is pending. Claim before 2026-11-22: https://bit.ly/abc
spam	Your USPS device warranty expires in 3 days. Extend: https://tinyurl.com/test
spam	Your Airbnb cloud backup is 84% complete. Do not close the app.
spam	Your Walmart subscription was upgraded to Premium. $5000/month.
spam	WINNER! Your number FREE2024 won $250 in the Costco lottery. Contact us.
spam	Your tax refund of $500 is pending. Claim before 2026-08-13: https://t.co/xyz
spam	Congratulations! You qualify for a $2500 personal loan at 75% interest.
spam	Your DHL bill is ready. View and pay: https://claim.now/123
spam	Your PayPal device warranty expires in 2 days. Extend: https://claim.now/123
spam	Your Tesla device warranty expires in 5 days. Extend: https://t.co/xyz
spam	You have 100 unread notifications on Facebook. View: https://claim.now/123
spam	Special invitation: Join DHL VIP program. Benefits worth $100/year.
spam	Your Samsung subscription was upgraded to Premium. $50/month.
spam	Free camera trial - no credit card required. Sign up: https://tinyurl.com/test
spam	You have 250 unread notifications on Airbnb. View: https://tinyurl.com/test
spam	Congratulations! You qualify for a $50 personal loan at 25% interest.
spam	Your DHL cloud backup is 91% complete. Do not close the app.
spam	We miss you! Come back to Apple and get $50 off your next order.
spam	URGENT: Your LinkedIn account will be deactivated in 12 hours. Verify now.
spam	You have been selected for a $100 government grant. Apply: https://claim.now/123
spam	Your Slack cloud backup is 95% complete. Do not close the app.
spam	Your Google cloud backup is 94% complete. Do not close the app.
spam	Free laptop trial - no credit card required. Sign up: https://tinyurl.com/test
spam	We miss you! Come back to Microsoft and get $250 off your next order.
spam	You have 2500 unread notifications on Spotify. View: https://t.co/xyz
spam	Your Spotify bill is ready. View and pay: https://bit.ly/abc
spam	Your Dropbox account needs verification. Complete within 6 hours: https://bit.ly/abc
spam	Your tax refund of $250 is pending. Claim before 2026-06-20: https://t.co/xyz
spam	Your Netflix trial of Premium ends tomorrow. Subscribe for $100/mo.
spam	Congratulations! You qualify for a $100 personal loan at 50% interest.
spam	Congratulations! You qualify for a $100 personal loan at 75% interest.
spam	Congratulations! You qualify for a $250 personal loan at 75% interest.
spam	WINNER! Your number XYZ789 won $50 in the GitHub lottery. Contact us.
spam	Congratulations! You qualify for a $1000 personal loan at 10% interest.
spam	Alert: 250 new messages waiting at https://bit.ly/abc. Log in to read.
spam	URGENT: Your Walmart account will be deactivated in 1 hours. Verify now.
spam	Free camera trial - no credit card required. Sign up: https://claim.now/123
spam	Package delivery attempted. Your Stripe parcel needs signature. Reschedule: https://tinyurl.com/test
spam	Congratulations! You qualify for a $5000 personal loan at 25% interest.
spam	Congratulations! You qualify for a $1000 personal loan at 25% interest.
spam	Free headphones trial - no credit card required. Sign up: https://bit.ly/abc
spam	WINNER! Your number XYZ789 won $2500 in the Apple lottery. Contact us.
spam	Your Amazon trial of Premium ends tomorrow. Subscribe for $250/mo.
spam	Your UPS trial of Premium ends tomorrow. Subscribe for $100/mo.
spam	Your Slack membership upgrade is ready. Enjoy premium features: https://bit.ly/abc
spam	Your Apple device warranty expires in 3 days. Extend: https://t.co/xyz
spam	Alert: 500 new messages waiting at https://bit.ly/abc. Log in to read.
spam	Your Samsung membership upgrade is ready. Enjoy premium features: https://bit.ly/abc
spam	WINNER! Your number FREE2024 won $100 in the eBay lottery. Contact us.
spam	Your USPS trial of Premium ends tomorrow. Subscribe for $500/mo.
spam	Free camera trial - no credit card required. Sign up: https://claim.now/123
ham	The client approved the proposal. We can start next Monday.
ham	Your refund of $50 has been processed. Allow 3-5 business days.
ham	Hi James, following up on our conversation about the project timeline.
ham	Thanks for your email. I will get back to you by end of day.
ham	The API key has been rotated. Update your integrations.
ham	The client approved the proposal. We can start next Monday.
ham	Just wanted to check in on the progress of the website redesign project.
ham	Hi Emma, following up on our conversation about the project timeline.
ham	The deployment was successful. All tests passing.
ham	Please complete the employee survey by 2026-10-21.
ham	Your Amazon account settings have been updated successfully.
ham	The client approved the proposal. We can start next Monday.
ham	Hi Mike, following up on our conversation about the project timeline.
ham	The client approved the proposal. We can start next Monday.
ham	Your Zoom subscription has been renewed for another year.
ham	The deployment was successful. All tests passing.
ham	Welcome to eBay! Your account has been created successfully.
ham	Your refund of $100 has been processed. Allow 3-5 business days.
ham	The API key has been rotated. Update your integrations.
ham	Please complete the employee survey by 2026-08-13.
ham	Hi John, attached is the report you requested.
ham	Hi Maria, following up on our conversation about the project timeline.
ham	Thanks for your email. I will get back to you by end of day.
ham	Can you send me the updated spreadsheet when you get a chance?
ham	Reminder: Team standup at 2:00 PM today.
ham	Your Uber account settings have been updated successfully.
ham	Your refund of $500 has been processed. Allow 3-5 business days.
ham	Please complete the employee survey by 2026-03-11.
ham	The quarterly report is ready for review. Please find attached.
ham	Just wanted to check in on the progress of the Q4 marketing project.
ham	Please confirm your attendance for the team dinner on 2026-02-16.
ham	Your order #5241 has been shipped. Expected delivery: 2026-02-25.
ham	Hi Maria, following up on our conversation about the project timeline.
ham	Your Dropbox data export is ready for download.
ham	Minutes from today's meeting attached. Let me know if anything is missing.
ham	Your refund of $100 has been processed. Allow 3-5 business days.
ham	Your order #3751 has been shipped. Expected delivery: 2026-05-07.
ham	Your Amazon subscription has been renewed for another year.
ham	Your Shopify invoice #6095 is attached. Total: $250.
ham	Your DHL account settings have been updated successfully.
ham	The quarterly report is ready for review. Please find attached.
ham	Hi, can we reschedule our 3:30 PM call to 11:00 AM?
ham	Can you send me the updated spreadsheet when you get a chance?
ham	Your UPS subscription has been renewed for another year.
ham	Hi team, the sprint review is scheduled for 9:00 AM. Please prepare your demos.
ham	Hi Emma, following up on our conversation about the project timeline.
ham	The deployment was successful. All tests passing.
ham	Hi James, following up on our conversation about the project timeline.
ham	Minutes from today's meeting attached. Let me know if anything is missing.
ham	Please confirm your attendance for the team dinner on 2026-04-11.
ham	Thanks for signing up for Costco. Here is your getting started guide.
ham	Your refund of $500 has been processed. Allow 3-5 business days.
ham	Thanks for signing up for USPS. Here is your getting started guide.
ham	Minutes from today's meeting attached. Let me know if anything is missing.
ham	The deployment was successful. All tests passing.
ham	Welcome to Slack! Your account has been created successfully.
ham	Reminder: Team standup at 10:30 AM today.
ham	Please review the pull request at https://claim.now/123 before end of week.
ham	Your Airbnb subscription has been renewed for another year.
ham	Hi, can we reschedule our 9:00 AM call to 11:00 AM?
ham	Reminder: Team standup at 10:30 AM today.
ham	Hi Maria, attached is the report you requested.
ham	Reminder: Team standup at 10:30 AM today.
ham	Thanks for signing up for USPS. Here is your getting started guide.
ham	Hi team, the sprint review is scheduled for 10:30 AM. Please prepare your demos.
ham	Your refund of $100 has been processed. Allow 3-5 business days.
ham	Minutes from today's meeting attached. Let me know if anything is missing.
ham	Please review the pull request at https://bit.ly/abc before end of week.
ham	Your refund of $5000 has been processed. Allow 3-5 business days.
ham	Please review the pull request at https://t.co/xyz before end of week.
ham	The deployment was successful. All tests passing.
ham	Can you send me the updated spreadsheet when you get a chance?
ham	Hi, can we reschedule our 9:00 AM call to 2:00 PM?
ham	Can you send me the updated spreadsheet when you get a chance?
ham	Hi team, the sprint review is scheduled for 10:30 AM. Please prepare your demos.
ham	The API key has been rotated. Update your integrations.
ham	Please confirm your attendance for the team dinner on 2026-09-15.
ham	Can you send me the updated spreadsheet when you get a chance?
ham	The API key has been rotated. Update your integrations.
ham	Your Google subscription has been renewed for another year.
ham	Just wanted to check in on the progress of the Q4 marketing project.
ham	Thanks for your email. I will get back to you by end of day.
ham	Can you send me the updated spreadsheet when you get a chance?
ham	Hi team, the sprint review is scheduled for 11:00 AM. Please prepare your demos.
ham	Hi team, the sprint review is scheduled for 9:00 AM. Please prepare your demos.
ham	Hi David, following up on our conversation about the project timeline.
ham	Your order #3626 has been shipped. Expected delivery: 2026-06-18.
ham	Your DHL data export is ready for download.
ham	Thanks for your email. I will get back to you by end of day.
ham	Hi team, the sprint review is scheduled for 11:00 AM. Please prepare your demos.
ham	Hi Lisa, following up on our conversation about the project timeline.
ham	Your Microsoft subscription has been renewed for another year.
ham	Subject: Meeting tomorrow at 11:00 AM
ham	Your Spotify invoice #6232 is attached. Total: $500.
ham	Your order #3150 has been shipped. Expected delivery: 2026-03-20.
ham	Hi Anna, following up on our conversation about the project timeline.
ham	The deployment was successful. All tests passing.
ham	Your Slack data export is ready for download.
ham	Your Twitter subscription has been renewed for another year.
ham	Thanks for your email. I will get back to you by end of day.
ham	Please confirm your attendance for the team dinner on 2026-11-22.
ham	Your Uber account settings have been updated successfully.
ham	Hi Emma, following up on our conversation about the project timeline.
ham	Hi James, attached is the report you requested.
ham	Reminder: Team standup at 10:30 AM today.
ham	The client approved the proposal. We can start next Monday.
ham	Thanks for your email. I will get back to you by end of day.
ham	Your Netflix subscription has been renewed for another year.
ham	Can you send me the updated spreadsheet when you get a chance?
ham	The API key has been rotated. Update your integrations.
ham	Can you send me the updated spreadsheet when you get a chance?
ham	Can you send me the updated spreadsheet when you get a chance?
ham	Thanks for your email. I will get back to you by end of day.
ham	The client approved the proposal. We can start next Monday.
ham	The client approved the proposal. We can start next Monday.
ham	Hi team, the sprint review is scheduled for 9:00 AM. Please prepare your demos.
ham	Minutes from today's meeting attached. Let me know if anything is missing.
ham	The quarterly report is ready for review. Please find attached.
ham	Your Shopify account settings have been updated successfully.
ham	Hi team, the sprint review is scheduled for 11:00 AM. Please prepare your demos.
ham	Reminder: Team standup at 3:30 PM today.
ham	Please review the pull request at https://tinyurl.com/test before end of week.
ham	Reminder: Team standup at 9:00 AM today.
ham	Welcome to Microsoft! Your account has been created successfully.
ham	The quarterly report is ready for review. Please find attached.
ham	Thanks for your email. I will get back to you by end of day.
ham	Your GitHub account settings have been updated successfully.
ham	Thanks for your email. I will get back to you by end of day.
ham	Hi Emma, attached is the report you requested.
ham	Please complete the employee survey by 2026-04-17.
ham	The quarterly report is ready for review. Please find attached.
ham	The quarterly report is ready for review. Please find attached.
ham	The quarterly report is ready for review. Please find attached.
ham	Hi team, the sprint review is scheduled for 10:30 AM. Please prepare your demos.
ham	Your Instagram subscription has been renewed for another year.
ham	The quarterly report is ready for review. Please find attached.
ham	The API key has been rotated. Update your integrations.
ham	Can you send me the updated spreadsheet when you get a chance?
ham	The API key has been rotated. Update your integrations.
ham	Please review the pull request at https://claim.now/123 before end of week.
ham	Your Tesla invoice #7182 is attached. Total: $5000.
ham	Subject: Meeting tomorrow at 2:00 PM
ham	Just wanted to check in on the progress of the website redesign project.
ham	Hi team, the sprint review is scheduled for 3:30 PM. Please prepare your demos.
ham	Your UPS account settings have been updated successfully.
ham	Thanks for your email. I will get back to you by end of day.
ham	The API key has been rotated. Update your integrations.
ham	Just wanted to check in on the progress of the website redesign project.
ham	Please confirm your attendance for the team dinner on 2026-11-21.
ham	Your order #7880 has been shipped. Expected delivery: 2026-03-26.
ham	Please review the pull request at https://claim.now/123 before end of week.
ham	Welcome to eBay! Your account has been created successfully.
ham	Please confirm your attendance for the team dinner on 2026-08-23.
ham	Your refund of $5000 has been processed. Allow 3-5 business days.
ham	Welcome to Google! Your account has been created successfully.
ham	Hi, can we reschedule our 11:00 AM call to 3:30 PM?
ham	Minutes from today's meeting attached. Let me know if anything is missing.
ham	Your DHL invoice #8778 is attached. Total: $2500.
ham	Your order #3168 has been shipped. Expected delivery: 2026-03-02.
ham	The deployment was successful. All tests passing.
ham	Hi Emma, attached is the report you requested.
ham	Reminder: Team standup at 2:00 PM today.
ham	Your refund of $250 has been processed. Allow 3-5 business days.
ham	Thanks for signing up for Twitter. Here is your getting started guide.
ham	Hi team, the sprint review is scheduled for 9:00 AM. Please prepare your demos.
ham	Your Instagram subscription has been renewed for another year.
ham	Reminder: Team standup at 10:30 AM today.
ham	The client approved the proposal. We can start next Monday.
ham	Minutes from today's meeting attached. Let me know if anything is missing.
ham	Your order #6735 has been shipped. Expected delivery: 2026-08-27.
ham	Please confirm your attendance for the team dinner on 2026-08-03.
ham	Just wanted to check in on the progress of the Q4 marketing project.
ham	Thanks for signing up for Walmart. Here is your getting started guide.
ham	Thanks for signing up for Spotify. Here is your getting started guide.
ham	The quarterly report is ready for review. Please find attached.
ham	The deployment was successful. All tests passing.
ham	Subject: Meeting tomorrow at 2:00 PM
ham	The quarterly report is ready for review. Please find attached.
ham	The client approved the proposal. We can start next Monday.
ham	Hi team, the sprint review is scheduled for 2:00 PM. Please prepare your demos.
ham	Your Shopify invoice #5319 is attached. Total: $1000.
ham	Your Costco subscription has been renewed for another year.
ham	Please review the pull request at https://claim.now/123 before end of week.
ham	Please confirm your attendance for the team dinner on 2026-08-21.
ham	The deployment was successful. All tests passing.
ham	Hi Mike, following up on our conversation about the project timeline.
ham	Your Tesla invoice #9912 is attached. Total: $5000.
ham	Your order #6447 has been shipped. Expected delivery: 2026-06-17.
ham	Your Zoom data export is ready for download.
ham	The client approved the proposal. We can start next Monday.
ham	Please confirm your attendance for the team dinner on 2026-05-10.
ham	The quarterly report is ready for review. Please find attached.
ham	The API key has been rotated. Update your integrations.
ham	Reminder: Team standup at 3:30 PM today.
ham	Please confirm your attendance for the team dinner on 2026-09-14.
ham	The quarterly report is ready for review. Please find attached.
ham	Thanks for signing up for Stripe. Here is your getting started guide.
ham	Please complete the employee survey by 2026-08-13.
ham	The quarterly report is ready for review. Please find attached.
ham	Your order #1209 has been shipped. Expected delivery: 2026-02-01.
ham	Meeting at the usual place at 9:00 AM?
ham	Hope you feel better soon! Let me know if you need anything.
ham	Hope you feel better soon! Let me know if you need anything.
ham	Can you watch the kids tomorrow afternoon?
ham	I found that recipe you were looking for.
ham	I found that recipe you were looking for.
ham	Can you pick up some milk on the way home?
ham	Running 10 minutes late. See you soon!
ham	Just landed. Will call you when I get my bags.
ham	Can you watch the kids tomorrow afternoon?
ham	Hey, are you coming to the party tonight?
ham	I found that recipe you were looking for.
ham	Can you send me the address for the restaurant?
ham	Traffic is terrible right now. Take the highway.
ham	Thanks for lunch! It was really good.
ham	Did you see the game last night? What a finish!
ham	Meeting at the usual place at 10:30 AM?
ham	Can you send me the address for the restaurant?
ham	I found that recipe you were looking for.
ham	Just finished reading that book you recommended. It was amazing!
ham	The movie starts at 10:30 AM. I will save you a seat.
ham	Just landed. Will call you when I get my bags.
ham	The kids had a great time at the park today.
ham	Can you pick up some milk on the way home?
ham	Hope you feel better soon! Let me know if you need anything.
ham	The movie starts at 10:30 AM. I will save you a seat.
ham	Meeting at the usual place at 11:00 AM?
ham	The kids had a great time at the park today.
ham	Meeting at the usual place at 10:30 AM?
ham	Running 10 minutes late. See you soon!
ham	Meeting at the usual place at 2:00 PM?
ham	Traffic is terrible right now. Take the highway.
ham	Running 10 minutes late. See you soon!
ham	The kids had a great time at the park today.
ham	Meeting at the usual place at 11:00 AM?
ham	Mom says dinner is ready. Come over when you can.
ham	Just landed. Will call you when I get my bags.
ham	Just landed. Will call you when I get my bags.
ham	Hey, are you coming to the party tonight?
ham	Can you help me move this Saturday?
ham	Did you see the game last night? What a finish!
ham	Running 10 minutes late. See you soon!
ham	The movie starts at 3:30 PM. I will save you a seat.
ham	Did you see the game last night? What a finish!
ham	Running 10 minutes late. See you soon!
ham	Can you pick up some milk on the way home?
ham	Hope you feel better soon! Let me know if you need anything.
ham	The kids had a great time at the park today.
ham	Meeting at the usual place at 2:00 PM?
ham	Can you help me move this Saturday?
ham	Can you send me the address for the restaurant?
ham	Thanks for lunch! It was really good.
ham	Just finished reading that book you recommended. It was amazing!
ham	Hey, are you coming to the party tonight?
ham	Meeting at the usual place at 2:00 PM?
ham	Hope you feel better soon! Let me know if you need anything.
ham	Thanks for lunch! It was really good.
ham	Great news! I got the promotion!
ham	Hey, are you coming to the party tonight?
ham	The movie starts at 2:00 PM. I will save you a seat.
ham	Can you help me move this Saturday?
ham	The kids had a great time at the park today.
ham	Can you help me move this Saturday?
ham	Just landed. Will call you when I get my bags.
ham	The movie starts at 3:30 PM. I will save you a seat.
ham	Did you see the game last night? What a finish!
ham	Hey, are you coming to the party tonight?
ham	Great news! I got the promotion!
ham	Hey, are you coming to the party tonight?
ham	The movie starts at 11:00 AM. I will save you a seat.
ham	The movie starts at 11:00 AM. I will save you a seat.
ham	Meeting at the usual place at 10:30 AM?
ham	Can you pick up some milk on the way home?
ham	Did you see the game last night? What a finish!
ham	The movie starts at 3:30 PM. I will save you a seat.
ham	The kids had a great time at the park today.
ham	Can you help me move this Saturday?
ham	Can you pick up some milk on the way home?
ham	Did you see the game last night? What a finish!
ham	Running 10 minutes late. See you soon!
ham	Can you pick up some milk on the way home?
ham	I found that recipe you were looking for.
ham	Great news! I got the promotion!
ham	Can you pick up some milk on the way home?
ham	The WiFi password is CLAIM. Let me know if it works.
ham	Running 10 minutes late. See you soon!
ham	Running 10 minutes late. See you soon!
ham	Mom says dinner is ready. Come over when you can.
ham	Hope you feel better soon! Let me know if you need anything.
ham	Running 10 minutes late. See you soon!
ham	Running 10 minutes late. See you soon!
ham	Great news! I got the promotion!
ham	Thanks for lunch! It was really good.
ham	Traffic is terrible right now. Take the highway.
ham	Happy birthday! Hope you have a great day!
ham	Did you see the game last night? What a finish!
ham	The movie starts at 10:30 AM. I will save you a seat.
ham	Can you help me move this Saturday?
ham	Can you watch the kids tomorrow afternoon?
ham	Thanks for lunch! It was really good.
ham	Can you help me move this Saturday?
ham	Can you send me the address for the restaurant?
ham	Can you pick up some milk on the way home?
ham	Thanks for lunch! It was really good.
ham	The kids had a great time at the park today.
ham	I found that recipe you were looking for.
ham	The kids had a great time at the park today.
ham	Great news! I got the promotion!
ham	Mom says dinner is ready. Come over when you can.
ham	Thanks for lunch! It was really good.
ham	Can you send me the address for the restaurant?
ham	The movie starts at 3:30 PM. I will save you a seat.
ham	Can you help me move this Saturday?
ham	Just landed. Will call you when I get my bags.
ham	Mom says dinner is ready. Come over when you can.
ham	Mom says dinner is ready. Come over when you can.
ham	Meeting at the usual place at 3:30 PM?
ham	Meeting at the usual place at 11:00 AM?
ham	Did you see the game last night? What a finish!
ham	Happy birthday! Hope you have a great day!
ham	Can you pick up some milk on the way home?
ham	Traffic is terrible right now. Take the highway.
ham	Meeting at the usual place at 3:30 PM?
ham	Can you pick up some milk on the way home?
ham	Running 10 minutes late. See you soon!
ham	Mom says dinner is ready. Come over when you can.
ham	Mom says dinner is ready. Come over when you can.
ham	The movie starts at 10:30 AM. I will save you a seat.
ham	Mom says dinner is ready. Come over when you can.
ham	Just finished reading that book you recommended. It was amazing!
ham	Traffic is terrible right now. Take the highway.
ham	Meeting at the usual place at 2:00 PM?
ham	Meeting at the usual place at 9:00 AM?
ham	Great news! I got the promotion!
ham	Happy birthday! Hope you have a great day!
ham	Did you see the game last night? What a finish!
ham	Just finished reading that book you recommended. It was amazing!
ham	Hey, are you coming to the party tonight?
ham	Traffic is terrible right now. Take the highway.
ham	Just landed. Will call you when I get my bags.
ham	Mom says dinner is ready. Come over when you can.
ham	Just finished reading that book you recommended. It was amazing!
ham	Just finished reading that book you recommended. It was amazing!
ham	Can you help me move this Saturday?
ham	Hey, are you coming to the party tonight?
ham	The WiFi password is ABC123. Let me know if it works.
ham	The WiFi password is WINNER. Let me know if it works.
ham	Can you pick up some milk on the way home?
ham	Traffic is terrible right now. Take the highway.
ham	Meeting at the usual place at 10:30 AM?
ham	Can you help me move this Saturday?
ham	Just finished reading that book you recommended. It was amazing!
ham	Thanks for lunch! It was really good.
ham	Hope you feel better soon! Let me know if you need anything.
ham	Happy birthday! Hope you have a great day!
ham	Hope you feel better soon! Let me know if you need anything.
ham	Thanks for lunch! It was really good.
ham	Great news! I got the promotion!
ham	Mom says dinner is ready. Come over when you can.
ham	Mom says dinner is ready. Come over when you can.
ham	Hope you feel better soon! Let me know if you need anything.
ham	The movie starts at 10:30 AM. I will save you a seat.
ham	Can you watch the kids tomorrow afternoon?
ham	Did you see the game last night? What a finish!
ham	Can you pick up some milk on the way home?
ham	Can you watch the kids tomorrow afternoon?
ham	Thanks for lunch! It was really good.
ham	Did you see the game last night? What a finish!
ham	The kids had a great time at the park today.
ham	Running 10 minutes late. See you soon!
ham	The WiFi password is CLAIM. Let me know if it works.
ham	Did you see the game last night? What a finish!
ham	Meeting at the usual place at 9:00 AM?
ham	The kids had a great time at the park today.
ham	Hope you feel better soon! Let me know if you need anything.
ham	Can you send me the address for the restaurant?
ham	Can you pick up some milk on the way home?
ham	Can you help me move this Saturday?
ham	The WiFi password is FREE2024. Let me know if it works.
ham	Can you help me move this Saturday?
ham	Mom says dinner is ready. Come over when you can.
ham	Great news! I got the promotion!
ham	Can you send me the address for the restaurant?
ham	Great news! I got the promotion!
ham	Can you pick up some milk on the way home?
ham	Thanks for lunch! It was really good.
ham	Hope you feel better soon! Let me know if you need anything.
ham	Mom says dinner is ready. Come over when you can.
ham	I found that recipe you were looking for.
ham	Can you watch the kids tomorrow afternoon?
ham	The kids had a great time at the park today.
ham	Can you pick up some milk on the way home?
ham	Hope you feel better soon! Let me know if you need anything.
ham	Traffic is terrible right now. Take the highway.
ham	I found that recipe you were looking for.
ham	Thanks for lunch! It was really good.
ham	Did you see the game last night? What a finish!
ham	The WiFi password is FREE2024. Let me know if it works.
ham	Running 10 minutes late. See you soon!
ham	Hey, are you coming to the party tonight?
ham	Great photo! Where was this taken?
ham	How was your vacation? Looks amazing!
ham	Beautiful sunset! Great capture.
ham	That is a really cute pet!
ham	Thanks for the recommendation. I will check it out.
ham	This is so funny! Thanks for sharing.
ham	Congratulations on finishing the marathon!
ham	Love this outfit! Where did you get it?
ham	Thanks for sharing this. Very helpful!
ham	Congratulations on finishing the marathon!
ham	Happy to see you doing well!
ham	That looks delicious! What recipe did you use?
ham	Beautiful sunset! Great capture.
ham	That looks delicious! What recipe did you use?
ham	Thanks for the recommendation. I will check it out.
ham	Welcome to the neighborhood!
ham	That looks delicious! What recipe did you use?
ham	Congratulations on finishing the marathon!
ham	Happy anniversary to you both!
ham	This is so funny! Thanks for sharing.
ham	Happy New Year! Wishing you all the best.
ham	How was your vacation? Looks amazing!
ham	Happy to see you doing well!
ham	Great photo! Where was this taken?
ham	That looks delicious! What recipe did you use?
ham	This is so funny! Thanks for sharing.
ham	That is a really cute pet!
ham	Thanks for the recommendation. I will check it out.
ham	Welcome to the neighborhood!
ham	Congratulations on the graduation!
ham	Happy to see you doing well!
ham	Congratulations on finishing the marathon!
ham	Welcome to the neighborhood!
ham	How was your vacation? Looks amazing!
ham	Thanks for the recommendation. I will check it out.
ham	Welcome to the neighborhood!
ham	Happy to see you doing well!
ham	Thanks for the recommendation. I will check it out.
ham	Welcome to the neighborhood!
ham	Love this outfit! Where did you get it?
ham	How was your vacation? Looks amazing!
ham	Congratulations on finishing the marathon!
ham	Congratulations on finishing the marathon!
ham	Love this outfit! Where did you get it?
ham	Thanks for the recommendation. I will check it out.
ham	Congratulations on finishing the marathon!
ham	Congratulations on the graduation!
ham	That is a really cute pet!
ham	Welcome to the neighborhood!
ham	Happy to see you doing well!
ham	Love this outfit! Where did you get it?
ham	Love this outfit! Where did you get it?
ham	Congratulations on finishing the marathon!
ham	Welcome to the neighborhood!
ham	Happy anniversary to you both!
ham	This is so funny! Thanks for sharing.
ham	Beautiful sunset! Great capture.
ham	Congratulations on finishing the marathon!
ham	Love this outfit! Where did you get it?
ham	Happy anniversary to you both!
ham	Great photo! Where was this taken?
ham	Happy to see you doing well!
ham	Beautiful sunset! Great capture.
ham	Thanks for the recommendation. I will check it out.
ham	Congratulations on the graduation!
ham	How was your vacation? Looks amazing!
ham	That is a really cute pet!
ham	That is a really cute pet!
ham	Beautiful sunset! Great capture.
ham	Welcome to the neighborhood!
ham	Congratulations on finishing the marathon!
ham	Welcome to the neighborhood!
ham	How was your vacation? Looks amazing!
ham	That is a really cute pet!
ham	Happy anniversary to you both!
ham	Congratulations on the graduation!
ham	Beautiful sunset! Great capture.
ham	Happy anniversary to you both!
ham	Happy to see you doing well!
ham	Happy New Year! Wishing you all the best.
ham	Happy anniversary to you both!
ham	Great photo! Where was this taken?
ham	That looks delicious! What recipe did you use?
ham	Happy to see you doing well!
ham	Beautiful sunset! Great capture.
ham	Happy to see you doing well!
ham	Happy anniversary to you both!
ham	Happy New Year! Wishing you all the best.
ham	Happy New Year! Wishing you all the best.
ham	Beautiful sunset! Great capture.
ham	Great photo! Where was this taken?
ham	Congratulations on finishing the marathon!
ham	Happy to see you doing well!
ham	This is so funny! Thanks for sharing.
ham	Congratulations on the graduation!
ham	Thanks for sharing this. Very helpful!
ham	Beautiful sunset! Great capture.
ham	How was your vacation? Looks amazing!
ham	This is so funny! Thanks for sharing.
ham	Happy to see you doing well!
ham	That is a really cute pet!
ham	Happy anniversary to you both!
ham	Happy to see you doing well!
ham	Happy to see you doing well!
ham	Congratulations on the graduation!
ham	Thanks for sharing this. Very helpful!
ham	Love this outfit! Where did you get it?
ham	Thanks for sharing this. Very helpful!
ham	Congratulations on the graduation!
ham	That is a really cute pet!
ham	Happy anniversary to you both!
ham	How was your vacation? Looks amazing!
ham	Love this outfit! Where did you get it?
ham	Beautiful sunset! Great capture.
ham	Thanks for the recommendation. I will check it out.
ham	Thanks for the recommendation. I will check it out.
ham	Welcome to the neighborhood!
ham	Beautiful sunset! Great capture.
ham	Happy anniversary to you both!
ham	Beautiful sunset! Great capture.
ham	Thanks for sharing this. Very helpful!
ham	Thanks for the recommendation. I will check it out.
ham	How was your vacation? Looks amazing!
ham	Happy to see you doing well!
ham	Happy to see you doing well!
ham	This is so funny! Thanks for sharing.
ham	Congratulations on finishing the marathon!
ham	That is a really cute pet!
ham	Congratulations on finishing the marathon!
ham	Congratulations on finishing the marathon!
ham	How was your vacation? Looks amazing!
ham	How was your vacation? Looks amazing!
ham	Welcome to the neighborhood!
ham	Congratulations on the graduation!
ham	Happy anniversary to you both!
ham	That is a really cute pet!
ham	That looks delicious! What recipe did you use?
ham	Thanks for the recommendation. I will check it out.
ham	How was your vacation? Looks amazing!
ham	Happy to see you doing well!
ham	Thanks for sharing this. Very helpful!
ham	Love this outfit! Where did you get it?
ham	Happy anniversary to you both!
ham	That looks delicious! What recipe did you use?
ham	Thanks for the recommendation. I will check it out.
ham	Thanks for sharing this. Very helpful!
ham	Great photo! Where was this taken?
ham	Happy anniversary to you both!
ham	Congratulations on finishing the marathon!
ham	Beautiful sunset! Great capture.
ham	Thanks for the recommendation. I will check it out.
ham	Thanks for the recommendation. I will check it out.
ham	Thanks for sharing this. Very helpful!
ham	Thanks for sharing this. Very helpful!
ham	Great photo! Where was this taken?
ham	Happy New Year! Wishing you all the best.
ham	Great photo! Where was this taken?
ham	Happy to see you doing well!
ham	Happy New Year! Wishing you all the best.
ham	Welcome to the neighborhood!
ham	Happy New Year! Wishing you all the best.
ham	This is so funny! Thanks for sharing.
ham	Beautiful sunset! Great capture.
ham	Happy New Year! Wishing you all the best.
ham	This is so funny! Thanks for sharing.
ham	Welcome to the neighborhood!
ham	Thanks for sharing this. Very helpful!
ham	This is so funny! Thanks for sharing.
ham	Beautiful sunset! Great capture.
ham	Welcome to the neighborhood!
ham	Thanks for sharing this. Very helpful!
ham	Congratulations on finishing the marathon!
ham	Happy anniversary to you both!
ham	That looks delicious! What recipe did you use?
ham	Congratulations on finishing the marathon!
ham	Happy anniversary to you both!
ham	Happy to see you doing well!
ham	Happy to see you doing well!
ham	Happy anniversary to you both!
ham	Welcome to the neighborhood!
ham	Thanks for sharing this. Very helpful!
ham	Welcome to the neighborhood!
ham	Thanks for sharing this. Very helpful!
ham	Welcome to the neighborhood!
ham	Love this outfit! Where did you get it?
ham	Welcome to the neighborhood!
ham	Beautiful sunset! Great capture.
ham	Congratulations on the graduation!
ham	Happy anniversary to you both!
ham	Great photo! Where was this taken?
ham	Congratulations on the graduation!
ham	Beautiful sunset! Great capture.
ham	Happy anniversary to you both!
ham	Welcome to the neighborhood!
ham	Beautiful sunset! Great capture.
ham	That looks delicious! What recipe did you use?
ham	Happy anniversary to you both!
ham	Happy anniversary to you both!
ham	Happy New Year! Wishing you all the best.
ham	Happy to see you doing well!
ham	Your order has been delivered successfully.
ham	Your GitHub gift card balance is $50.
ham	Your Slack gift card balance is $2500.
ham	Your estimated delivery window is 10:30 AM to 10:30 AM.
ham	Your Spotify gift card balance is $250.
ham	Your Stripe order has been packed and is ready for pickup.
ham	A new version of the USPS app is available. Update now.
ham	Your return label is attached. Ship within 30 days.
ham	Order confirmed. You will receive a shipping notification soon.
ham	Your order has been delivered successfully.
ham	We have processed your return. Refund will appear in 7 days.
ham	We have processed your return. Refund will appear in 7 days.
ham	Your eBay account now has 3001 loyalty points.
ham	Your return label is attached. Ship within 3 days.
ham	Thank you for your purchase! We hope you enjoy your item.
ham	Your Target gift card balance is $2500.
ham	A new version of the Apple app is available. Update now.
ham	Your Apple delivery is scheduled for 2026-10-04.
ham	Your Dropbox delivery is scheduled for 2026-06-23.
ham	Price drop alert: Item in your wishlist is now $2500 off!
ham	Thank you for your purchase! We hope you enjoy your item.
ham	Your order has been delivered successfully.
ham	Thank you for your purchase! We hope you enjoy your item.
ham	Your Uber account now has 2096 loyalty points.
ham	A new version of the GitHub app is available. Update now.
ham	Your order has been delivered successfully.
ham	Price drop alert: Item in your wishlist is now $250 off!
ham	Your Apple order has been packed and is ready for pickup.
ham	Your eBay account now has 3708 loyalty points.
ham	We have processed your return. Refund will appear in 14 days.
ham	Your Netflix delivery is scheduled for 2026-11-01.
ham	Your estimated delivery window is 3:30 PM to 11:00 AM.
ham	Your return label is attached. Ship within 3 days.
ham	Your review has been posted. Thank you for your feedback!
ham	Your USPS gift card balance is $100.
ham	Thanks for contacting Google support. Your ticket #7749 is being reviewed.
ham	Thanks for contacting Microsoft support. Your ticket #7096 is being reviewed.
ham	Order confirmed. You will receive a shipping notification soon.
ham	Your order has been delivered successfully.
ham	Thank you for your purchase! We hope you enjoy your item.
ham	Your LinkedIn gift card balance is $50.
ham	Your Airbnb account now has 3494 loyalty points.
ham	Your review has been posted. Thank you for your feedback!
ham	Thanks for contacting Netflix support. Your ticket #7927 is being reviewed.
ham	Price drop alert: Item in your wishlist is now $500 off!
ham	Your USPS account now has 238 loyalty points.
ham	A new version of the Samsung app is available. Update now.
ham	Your Dropbox gift card balance is $1000.
ham	The item you ordered is back in stock.
ham	Your Dropbox delivery is scheduled for 2026-07-26.
ham	The item you ordered is back in stock.
ham	A new version of the PayPal app is available. Update now.
ham	Thank you for your purchase! We hope you enjoy your item.
ham	Your Slack gift card balance is $500.
ham	The item you ordered is back in stock.
ham	Your FedEx account now has 1836 loyalty points.
ham	Your Best Buy account now has 1255 loyalty points.
ham	Thank you for your purchase! We hope you enjoy your item.
ham	The item you ordered is back in stock.
ham	Your review has been posted. Thank you for your feedback!
ham	Your Tesla order has been packed and is ready for pickup.
ham	Order confirmed. You will receive a shipping notification soon.
ham	Your order has been delivered successfully.
ham	Price drop alert: Item in your wishlist is now $250 off!
ham	The item you ordered is back in stock.
ham	Your eBay account now has 3701 loyalty points.
ham	Your Costco gift card balance is $1000.
ham	Your estimated delivery window is 3:30 PM to 2:00 PM.
ham	Your review has been posted. Thank you for your feedback!
ham	Thanks for contacting Spotify support. Your ticket #5015 is being reviewed.
ham	Order confirmed. You will receive a shipping notification soon.
ham	Your order has been delivered successfully.
ham	Thanks for contacting Facebook support. Your ticket #9857 is being reviewed.
ham	Order confirmed. You will receive a shipping notification soon.
ham	Your Tesla account now has 1424 loyalty points.
ham	We have processed your return. Refund will appear in 2 days.
ham	Your Facebook account now has 1829 loyalty points.
ham	Your review has been posted. Thank you for your feedback!
ham	Price drop alert: Item in your wishlist is now $250 off!
ham	Order confirmed. You will receive a shipping notification soon.
ham	The item you ordered is back in stock.
ham	Your order has been delivered successfully.
ham	Your return label is attached. Ship within 3 days.
ham	Order confirmed. You will receive a shipping notification soon.
ham	We have processed your return. Refund will appear in 5 days.
ham	A new version of the eBay app is available. Update now.
ham	Your Spotify account now has 2418 loyalty points.
ham	The item you ordered is back in stock.
ham	We have processed your return. Refund will appear in 3 days.
ham	Order confirmed. You will receive a shipping notification soon.
ham	Your UPS gift card balance is $250.
ham	The item you ordered is back in stock.
ham	A new version of the Target app is available. Update now.
ham	Order confirmed. You will receive a shipping notification soon.
ham	Your return label is attached. Ship within 3 days.
ham	Your Microsoft gift card balance is $100.
ham	Your Google gift card balance is $100.
ham	Price drop alert: Item in your wishlist is now $250 off!
ham	A new version of the Slack app is available. Update now.
ham	Price drop alert: Item in your wishlist is now $50 off!
ham	Your return label is attached. Ship within 2 days.
ham	Your order has been delivered successfully.
ham	Your order has been delivered successfully.
ham	The item you ordered is back in stock.
ham	The item you ordered is back in stock.
ham	Order confirmed. You will receive a shipping notification soon.
ham	Your review has been posted. Thank you for your feedback!
ham	Your Microsoft order has been packed and is ready for pickup.
ham	Your return label is attached. Ship within 3 days.
ham	Your order has been delivered successfully.
ham	Your estimated delivery window is 11:00 AM to 11:00 AM.
ham	Your Walmart account now has 1501 loyalty points.
ham	Price drop alert: Item in your wishlist is now $500 off!
ham	Your order has been delivered successfully.
ham	Your Airbnb order has been packed and is ready for pickup.
ham	Order confirmed. You will receive a shipping notification soon.
ham	Order confirmed. You will receive a shipping notification soon.
ham	Order confirmed. You will receive a shipping notification soon.
ham	A new version of the Target app is available. Update now.
ham	Your PayPal order has been packed and is ready for pickup.
ham	Your review has been posted. Thank you for your feedback!
ham	Thanks for contacting PayPal support. Your ticket #4116 is being reviewed.
ham	Price drop alert: Item in your wishlist is now $100 off!
ham	Your FedEx order has been packed and is ready for pickup.
ham	Your estimated delivery window is 10:30 AM to 3:30 PM.
ham	Your Google gift card balance is $5000.
ham	A new version of the Airbnb app is available. Update now.
ham	Thanks for contacting Walmart support. Your ticket #7287 is being reviewed.
ham	Thank you for your purchase! We hope you enjoy your item.
ham	Thank you for your purchase! We hope you enjoy your item.
ham	The item you ordered is back in stock.
ham	Your return label is attached. Ship within 30 days.
ham	A new version of the Shopify app is available. Update now.
ham	Your return label is attached. Ship within 3 days.
ham	Your review has been posted. Thank you for your feedback!
ham	A new version of the Apple app is available. Update now.
ham	The item you ordered is back in stock.
ham	Price drop alert: Item in your wishlist is now $100 off!
ham	Price drop alert: Item in your wishlist is now $250 off!
ham	Your review has been posted. Thank you for your feedback!
ham	Your Facebook delivery is scheduled for 2026-08-25.
ham	Your Apple account now has 251 loyalty points.
ham	Price drop alert: Item in your wishlist is now $50 off!
ham	Thank you for your purchase! We hope you enjoy your item.
ham	Thanks for contacting GitHub support. Your ticket #4342 is being reviewed.
ham	Your review has been posted. Thank you for your feedback!
ham	We have processed your return. Refund will appear in 5 days.
ham	Price drop alert: Item in your wishlist is now $100 off!
ham	Your DHL account now has 2605 loyalty points.
ham	Your Best Buy delivery is scheduled for 2026-12-28.
ham	We have processed your return. Refund will appear in 5 days.
ham	Thanks for contacting Uber support. Your ticket #1619 is being reviewed.
ham	Thank you for your purchase! We hope you enjoy your item.
ham	Your Tesla gift card balance is $5000.
ham	Your return label is attached. Ship within 7 days.
ham	The item you ordered is back in stock.
ham	Price drop alert: Item in your wishlist is now $5000 off!
ham	Your estimated delivery window is 3:30 PM to 11:00 AM.
ham	We have processed your return. Refund will appear in 3 days.
ham	Your estimated delivery window is 11:00 AM to 3:30 PM.
ham	Thank you for your purchase! We hope you enjoy your item.
ham	Your Spotify delivery is scheduled for 2026-11-03.
ham	Your estimated delivery window is 11:00 AM to 11:00 AM.
ham	Your review has been posted. Thank you for your feedback!
ham	Thanks for contacting Best Buy support. Your ticket #4208 is being reviewed.
ham	Your Best Buy gift card balance is $50.
ham	Your return label is attached. Ship within 7 days.
ham	Thank you for your purchase! We hope you enjoy your item.
ham	Thank you for your purchase! We hope you enjoy your item.
ham	A new version of the USPS app is available. Update now.
ham	A new version of the DHL app is available. Update now.
ham	Price drop alert: Item in your wishlist is now $100 off!
ham	Your Spotify gift card balance is $2500.
ham	Your Zoom order has been packed and is ready for pickup.
ham	Your order has been delivered successfully.
ham	Your Best Buy order has been packed and is ready for pickup.
ham	A new version of the Slack app is available. Update now.
ham	Your order has been delivered successfully.
ham	The item you ordered is back in stock.
ham	We have processed your return. Refund will appear in 14 days.
ham	Price drop alert: Item in your wishlist is now $100 off!
ham	Order confirmed. You will receive a shipping notification soon.
ham	We have processed your return. Refund will appear in 3 days.
ham	A new version of the Uber app is available. Update now.
ham	Your estimated delivery window is 10:30 AM to 10:30 AM.
ham	Your Twitter account now has 1785 loyalty points.
ham	Order confirmed. You will receive a shipping notification soon.
ham	Thank you for your purchase! We hope you enjoy your item.
ham	Order confirmed. You will receive a shipping notification soon.
ham	The item you ordered is back in stock.
ham	Your Costco delivery is scheduled for 2026-10-27.
ham	Your estimated delivery window is 9:00 AM to 11:00 AM.
ham	Price drop alert: Item in your wishlist is now $1000 off!
ham	Your Airbnb gift card balance is $1000.
ham	A new version of the Walmart app is available. Update now.
ham	Your review has been posted. Thank you for your feedback!
ham	A new version of the Best Buy app is available. Update now.
ham	The item you ordered is back in stock.
ham	Order confirmed. You will receive a shipping notification soon.
ham	Price drop alert: Item in your wishlist is now $5000 off!
ham	Your parking permit has been renewed for another month.
ham	Thank you for your feedback. We appreciate your input.
ham	Thank you for your feedback. We appreciate your input.
ham	Your USPS service has been activated.
ham	Your parking permit has been renewed for another month.
ham	Thank you for your feedback. We appreciate your input.
ham	Your report card is now available online.
ham	Your Tesla account balance is $2500.
ham	Team lunch on 2026-09-14 at Pasta House. RSVP by 2026-06-27.
ham	Your Instagram account balance is $1000.
ham	The appointment is confirmed for 2026-09-01 at 10:30 AM.
ham	Team lunch on 2026-11-28 at Pasta House. RSVP by 2026-04-11.
ham	Thank you for your feedback. We appreciate your input.
ham	Team lunch on 2026-10-16 at Pasta House. RSVP by 2026-06-25.
ham	Your parking permit has been renewed for another month.
ham	Your prescription is ready for pickup at the pharmacy.
ham	Your report card is now available online.
ham	Your booking reference is FREE2024. Keep this for your records.
ham	Your application has been received. We will review it shortly.
ham	Your Airbnb service has been activated.
ham	Your Walmart account balance is $5000.
ham	The appointment is confirmed for 2026-07-17 at 2:00 PM.
ham	Please find attached the document you requested.
ham	Your application has been received. We will review it shortly.
ham	Please find attached the document you requested.
ham	Your parking permit has been renewed for another month.
ham	Your report card is now available online.
ham	Your FedEx account balance is $5000.
ham	Thank you for your feedback. We appreciate your input.
ham	Your Uber service has been activated.
ham	The library book is due on 2026-09-08. Please return or renew.
ham	Your Costco account balance is $50.
ham	Thank you for attending our event. We hope to see you again.
ham	The appointment is confirmed for 2026-12-23 at 10:30 AM.
ham	Your Dropbox account balance is $100.
ham	The library book is due on 2026-06-12. Please return or renew.
ham	Your report card is now available online.
ham	Please find attached the document you requested.
ham	Please find attached the document you requested.
ham	Your booking reference is WINNER. Keep this for your records.
ham	Team lunch on 2026-06-04 at Olive Garden. RSVP by 2026-02-28.
ham	Your report card is now available online.
ham	The weather forecast for tomorrow: partly cloudy, high of 72F.
ham	Your parking permit has been renewed for another month.
ham	The appointment is confirmed for 2026-09-01 at 9:00 AM.
ham	Your application has been received. We will review it shortly.
ham	The appointment is confirmed for 2026-05-25 at 10:30 AM.
ham	The appointment is confirmed for 2026-06-27 at 11:00 AM.
ham	Thank you for your feedback. We appreciate your input.
ham	The class has been rescheduled to 2026-04-02.
ham	The weather forecast for tomorrow: partly cloudy, high of 65F.
ham	Please find attached the document you requested.
ham	Your parking permit has been renewed for another month.
ham	Your Spotify account balance is $5000.
ham	Your application has been received. We will review it shortly.
ham	The appointment is confirmed for 2026-01-05 at 2:00 PM.
ham	The library book is due on 2026-02-24. Please return or renew.
ham	The class has been rescheduled to 2026-12-24.
ham	Please find attached the document you requested.
ham	Your application has been received. We will review it shortly.
ham	Your LinkedIn service has been activated.
ham	The library book is due on 2026-09-16. Please return or renew.
ham	Team lunch on 2026-01-21 at Pasta House. RSVP by 2026-10-20.
ham	Your report card is now available online.
ham	Your Microsoft service has been activated.
ham	Your prescription is ready for pickup at the pharmacy.
ham	Your application has been received. We will review it shortly.
ham	Your prescription is ready for pickup at the pharmacy.
ham	The library book is due on 2026-01-01. Please return or renew.
ham	Your Uber account balance is $500.
ham	Thank you for attending our event. We hope to see you again.
ham	Your application has been received. We will review it shortly.
ham	The weather forecast for tomorrow: partly cloudy, high of 80F.
ham	Please find attached the document you requested.
ham	Your booking reference is CLAIM. Keep this for your records.
ham	Your Spotify account balance is $500.
ham	Thank you for attending our event. We hope to see you again.
ham	Team lunch on 2026-02-04 at Burger King. RSVP by 2026-05-28.
ham	The weather forecast for tomorrow: partly cloudy, high of 65F.
ham	The appointment is confirmed for 2026-12-03 at 10:30 AM.
ham	The class has been rescheduled to 2026-07-25.
ham	Your Samsung service has been activated.
ham	Please find attached the document you requested.
ham	The library book is due on 2026-07-06. Please return or renew.
ham	The class has been rescheduled to 2026-12-24.
ham	Please find attached the document you requested.
ham	Your Twitter account balance is $50.
ham	Your parking permit has been renewed for another month.
ham	The weather forecast for tomorrow: partly cloudy, high of 55F.
ham	Your FedEx account balance is $2500.
ham	Thank you for attending our event. We hope to see you again.
ham	Thank you for your feedback. We appreciate your input.
ham	Your booking reference is CLAIM. Keep this for your records.
ham	Your booking reference is CLAIM. Keep this for your records.
ham	Your booking reference is FREE2024. Keep this for your records.
ham	Your parking permit has been renewed for another month.
ham	Your parking permit has been renewed for another month.
ham	The library book is due on 2026-06-19. Please return or renew.
ham	Your Netflix service has been activated.
ham	Your booking reference is WINNER. Keep this for your records.
ham	Thank you for attending our event. We hope to see you again.
ham	Your Costco account balance is $1000.
ham	The class has been rescheduled to 2026-03-27.
ham	Your prescription is ready for pickup at the pharmacy.
ham	Your booking reference is WINNER. Keep this for your records.
ham	The weather forecast for tomorrow: partly cloudy, high of 65F.
ham	The library book is due on 2026-12-25. Please return or renew.
ham	Your parking permit has been renewed for another month.
ham	Your report card is now available online.
ham	Your LinkedIn account balance is $2500.
ham	Your parking permit has been renewed for another month.
ham	Your parking permit has been renewed for another month.
ham	Your LinkedIn service has been activated.
ham	Your application has been received. We will review it shortly.
ham	Your prescription is ready for pickup at the pharmacy.
ham	Your Amazon account balance is $1000.
ham	Your prescription is ready for pickup at the pharmacy.
ham	The class has been rescheduled to 2026-03-16.
ham	Your GitHub account balance is $250.
ham	Your prescription is ready for pickup at the pharmacy.
ham	Your LinkedIn account balance is $500.
ham	Thank you for attending our event. We hope to see you again.
ham	The class has been rescheduled to 2026-04-08.
ham	Your Slack service has been activated.
ham	Your booking reference is WINNER. Keep this for your records.
ham	Team lunch on 2026-05-04 at Chipotle. RSVP by 2026-05-05.
ham	Your booking reference is FREE2024. Keep this for your records.
ham	Your parking permit has been renewed for another month.
ham	Your report card is now available online.
ham	The library book is due on 2026-02-12. Please return or renew.
ham	Thank you for your feedback. We appreciate your input.
ham	The library book is due on 2026-01-18. Please return or renew.
ham	Please find attached the document you requested.
ham	Your booking reference is ABC123. Keep this for your records.
ham	Your booking reference is XYZ789. Keep this for your records.
ham	The weather forecast for tomorrow: partly cloudy, high of 72F.
ham	Your Costco account balance is $5000.
ham	Team lunch on 2026-04-28 at Chipotle. RSVP by 2026-03-11.
ham	Your booking reference is FREE2024. Keep this for your records.
ham	The library book is due on 2026-11-05. Please return or renew.
ham	Your parking permit has been renewed for another month.
ham	Your report card is now available online.
ham	Thank you for your feedback. We appreciate your input.
ham	Thank you for your feedback. We appreciate your input.
ham	Your eBay account balance is $50.
ham	Team lunch on 2026-03-16 at Pasta House. RSVP by 2026-04-01.
ham	Your Instagram account balance is $500.
ham	Thank you for attending our event. We hope to see you again.
ham	The class has been rescheduled to 2026-02-03.
ham	The weather forecast for tomorrow: partly cloudy, high of 80F.
ham	Your application has been received. We will review it shortly.
ham	Your prescription is ready for pickup at the pharmacy.
ham	Thank you for your feedback. We appreciate your input.
ham	Thank you for your feedback. We appreciate your input.
ham	Your application has been received. We will review it shortly.
ham	Your parking permit has been renewed for another month.
ham	Your application has been received. We will review it shortly.
ham	Please find attached the document you requested.
ham	Your parking permit has been renewed for another month.
ham	Your prescription is ready for pickup at the pharmacy.
ham	Your application has been received. We will review it shortly.
ham	Your prescription is ready for pickup at the pharmacy.
ham	Your Tesla service has been activated.
ham	Your eBay account balance is $100.
ham	Your application has been received. We will review it shortly.
ham	Please find attached the document you requested.
ham	Team lunch on 2026-09-24 at Sushi Place. RSVP by 2026-03-18.
ham	The weather forecast for tomorrow: partly cloudy, high of 72F.
ham	Your Target account balance is $50.
ham	Your booking reference is CLAIM. Keep this for your records.
ham	Your booking reference is WINNER. Keep this for your records.
ham	Thank you for attending our event. We hope to see you again.
ham	Team lunch on 2026-05-05 at Burger King. RSVP by 2026-08-19.
ham	Your booking reference is ABC123. Keep this for your records.
ham	Your report card is now available online.
ham	Your booking reference is FREE2024. Keep this for your records.
ham	Your report card is now available online.
ham	Thank you for your feedback. We appreciate your input.
ham	The library book is due on 2026-10-17. Please return or renew.
ham	Your Dropbox account balance is $1000.
ham	The appointment is confirmed for 2026-07-08 at 11:00 AM.
ham	The library book is due on 2026-09-09. Please return or renew.
ham	Your prescription is ready for pickup at the pharmacy.
ham	Your application has been received. We will review it shortly.
ham	Team lunch on 2026-05-04 at Sushi Place. RSVP by 2026-03-25.
ham	Your prescription is ready for pickup at the pharmacy.
ham	The class has been rescheduled to 2026-11-06.
ham	Please find attached the document you requested.
ham	Your booking reference is XYZ789. Keep this for your records.
ham	Thank you for attending our event. We hope to see you again.
ham	Thank you for attending our event. We hope to see you again.
ham	Your Slack account balance is $500.
ham	Your parking permit has been renewed for another month.
ham	Thank you for attending our event. We hope to see you again.
ham	Team lunch on 2026-12-07 at Burger King. RSVP by 2026-02-17.
ham	The class has been rescheduled to 2026-03-13.
ham	Your application has been received. We will review it shortly.
ham	Please find attached the document you requested.
ham	Your booking reference is CLAIM. Keep this for your records.
ham	Thank you for your feedback. We appreciate your input.
